p_id,completed_passes,attempted_passes,passing_yards,passing_touchdowns,interceptions_thrown,times_sacked,yards_lost_from_sacks,longest_pass,quarterback_rating,rush_attempts,rush_yards,rush_touchdowns,longest_rush,times_pass_target,receptions,receiving_yards,receiving_touchdowns,longest_reception,fumbles,fumbles_lost,interceptions,yards_returned_from_interception,interceptions_returned_for_touchdown,longest_interception_return,passes_defended,sacks,combined_tackles,solo_tackles,assists_on_tackles,tackles_for_loss,quarterback_hits,fumbles_recovered,yards_recovered_from_fumble,fumbles_recovered_for_touchdown,fumbles_forced,kickoff_returns,kickoff_return_yards,average_kickoff_return_yards,kickoff_return_touchdown,longest_kickoff_return,punt_returns,punt_return_yards,yards_per_punt_return,punt_return_touchdown,longest_punt_return,extra_points_made,extra_points_attempted,field_goals_made,field_goals_attempted,punts,total_punt_yards,yards_per_punt,longest_punt,abbr,game_key,isHome,wy,position
MannPa20,0,0,0,0,0,0,0,0,0.0,0,0,0,0,0,0,0,0,0,0,0,0,0,0,0,0,0.0,1,0,1,0,0,0,0,0,0,0,0,0.0,0,0,0,0,0.0,0,0,0,0,0,0,0,0,0.0,0,CHI,199910310was,False,8 | 1999,LS
MannPa20,0,0,0,0,0,0,0,0,0.0,0,0,0,0,0,0,0,0,0,0,0,0,0,0,0,0,0.0,1,1,0,0,0,0,0,0,0,0,0,0.0,0,0,0,0,0.0,0,0,0,0,0,0,0,0,0.0,0,CHI,199912260ram,False,16 | 1999,LS
MannPa20,0,0,0,0,0,0,0,0,0.0,0,0,0,0,0,0,0,0,0,0,0,0,0,0,0,0,0.0,2,1,1,0,0,0,0,0,0,0,0,0.0,0,0,0,0,0.0,0,0,0,0,0,0,0,0,0.0,0,CHI,200009100tam,False,2 | 2000,LS
MannPa20,0,0,0,0,0,0,0,0,0.0,0,0,0,0,0,0,0,0,0,0,0,0,0,0,0,0,0.0,1,1,0,0,0,0,0,0,0,0,0,0.0,0,0,0,0,0.0,0,0,0,0,0,0,0,0,0.0,0,CHI,200009170chi,True,3 | 2000,LS
MannPa20,0,0,0,0,0,0,0,0,0.0,0,0,0,0,0,0,0,0,0,0,0,0,0,0,0,0,0.0,1,1,0,0,0,0,0,0,0,0,0,0.0,0,0,0,0,0.0,0,0,0,0,0,0,0,0,0.0,0,CHI,200010080chi,True,6 | 2000,LS
MannPa20,0,0,0,0,0,0,0,0,0.0,0,0,0,0,0,0,0,0,0,0,0,0,0,0,0,0,0.0,1,1,0,0,0,0,0,0,0,0,0,0.0,0,0,0,0,0.0,0,0,0,0,0,0,0,0,0.0,0,CHI,200010220phi,False,8 | 2000,LS
MannPa20,0,0,0,0,0,0,0,0,0.0,0,0,0,0,0,0,0,0,0,0,0,0,0,0,0,0,0.0,2,2,0,0,0,0,0,0,0,0,0,0.0,0,0,0,0,0.0,0,0,0,0,0,0,0,0,0.0,0,CHI,200109230chi,True,2 | 2001,LS
MannPa20,0,0,0,0,0,0,0,0,0.0,0,0,0,0,0,0,0,0,0,0,0,0,0,0,0,0,0.0,2,2,0,0,0,0,0,0,0,0,0,0.0,0,0,0,0,0.0,0,0,0,0,0,0,0,0,0.0,0,CHI,200111040chi,True,8 | 2001,LS
MannPa20,0,0,0,0,0,0,0,0,0.0,0,0,0,0,0,0,0,0,0,0,0,0,0,0,0,0,0.0,1,1,0,0,0,0,0,0,0,0,0,0.0,0,0,0,0,0.0,0,0,0,0,0,0,0,0,0.0,0,CHI,200111180tam,False,10 | 2001,LS
MannPa20,0,0,0,0,0,0,0,0,0.0,0,0,0,0,0,0,0,0,0,0,0,0,0,0,0,0,0.0,3,1,2,0,0,0,0,0,0,0,0,0.0,0,0,0,0,0.0,0,0,0,0,0,0,0,0,0.0,0,CHI,200111250min,False,11 | 2001,LS
MannPa20,0,0,0,0,0,0,0,0,0.0,0,0,0,0,0,0,0,0,0,0,0,0,0,0,0,0,0.0,1,1,0,0,0,0,0,0,0,0,0,0.0,0,0,0,0,0.0,0,0,0,0,0,0,0,0,0.0,0,CHI,200112020chi,True,12 | 2001,LS
MannPa20,0,0,0,0,0,0,0,0,0.0,0,0,0,0,1,0,0,0,0,0,0,0,0,0,0,0,0.0,0,0,0,0,0,0,0,0,0,0,0,0.0,0,0,0,0,0.0,0,0,0,0,0,0,0,0,0.0,0,CHI,200210070chi,True,5 | 2002,LS
MannPa20,0,0,0,0,0,0,0,0,0.0,0,0,0,0,0,0,0,0,0,0,0,0,0,0,0,0,0.0,1,1,0,0,0,0,0,0,0,0,0,0.0,0,0,0,0,0.0,0,0,0,0,0,0,0,0,0.0,0,CHI,200211030chi,True,9 | 2002,LS
MannPa20,0,0,0,0,0,0,0,0,0.0,0,0,0,0,0,0,0,0,0,0,0,0,0,0,0,0,0.0,2,2,0,0,0,0,0,0,0,0,0,0.0,0,0,0,0,0.0,0,0,0,0,0,0,0,0,0.0,0,CHI,200211100chi,True,10 | 2002,LS
MannPa20,0,0,0,0,0,0,0,0,0.0,0,0,0,0,0,0,0,0,0,0,0,0,0,0,0,0,0.0,1,1,0,0,0,0,0,0,0,0,0,0.0,0,0,0,0,0.0,0,0,0,0,0,0,0,0,0.0,0,CHI,200212090mia,False,14 | 2002,LS
MannPa20,0,0,0,0,0,0,0,0,0.0,0,0,0,0,0,0,0,0,0,0,0,0,0,0,0,0,0.0,1,1,0,0,0,1,0,0,0,0,0,0.0,0,0,0,0,0.0,0,0,0,0,0,0,0,0,0.0,0,CHI,200309070sfo,False,1 | 2003,LS
MannPa20,0,0,0,0,0,0,0,0,0.0,0,0,0,0,0,0,0,0,0,0,0,0,0,0,0,0,0.0,1,1,0,0,0,0,0,0,0,0,0,0.0,0,0,0,0,0.0,0,0,0,0,0,0,0,0,0.0,0,CHI,200311020chi,True,9 | 2003,LS
MannPa20,0,0,0,0,0,0,0,0,0.0,0,0,0,0,0,0,0,0,0,0,0,0,0,0,0,0,0.0,1,1,0,0,0,0,0,0,0,0,0,0.0,0,0,0,0,0.0,0,0,0,0,0,0,0,0,0.0,0,CHI,200312070gnb,False,14 | 2003,LS
MannPa20,0,0,0,0,0,0,0,0,0.0,0,0,0,0,0,0,0,0,0,0,0,0,0,0,0,0,0.0,1,1,0,0,0,0,0,0,0,0,0,0.0,0,0,0,0,0.0,0,0,0,0,0,0,0,0,0.0,0,CHI,200410030chi,True,4 | 2004,LS
MannPa20,0,0,0,0,0,0,0,0,0.0,0,0,0,0,0,0,0,0,0,0,0,0,0,0,0,0,0.0,1,0,1,0,0,0,0,0,0,0,0,0.0,0,0,0,0,0.0,0,0,0,0,0,0,0,0,0.0,0,CHI,200410310chi,True,8 | 2004,LS
MannPa20,0,0,0,0,0,0,0,0,0.0,0,0,0,0,0,0,0,0,0,0,0,0,0,0,0,0,0.0,1,1,0,0,0,0,0,0,0,0,0,0.0,0,0,0,0,0.0,0,0,0,0,0,0,0,0,0.0,0,CHI,200411210chi,True,11 | 2004,LS
MannPa20,0,0,0,0,0,0,0,0,0.0,0,0,0,0,0,0,0,0,0,0,0,0,0,0,0,0,0.0,1,1,0,0,0,0,0,0,0,0,0,0.0,0,0,0,0,0.0,0,0,0,0,0,0,0,0,0.0,0,CHI,200411250dal,False,12 | 2004,LS
MannPa20,0,0,0,0,0,0,0,0,0.0,0,0,0,0,0,0,0,0,0,0,0,0,0,0,0,0,0.0,2,2,0,0,0,0,0,0,0,0,0,0.0,0,0,0,0,0.0,0,0,0,0,0,0,0,0,0.0,0,CHI,200412120jax,False,14 | 2004,LS
MannPa20,0,0,0,0,0,0,0,0,0.0,0,0,0,0,0,0,0,0,0,0,0,0,0,0,0,0,0.0,1,1,0,0,0,0,0,0,0,0,0,0.0,0,0,0,0,0.0,0,0,0,0,0,0,0,0,0.0,0,CHI,200509250chi,True,3 | 2005,LS
MannPa20,0,0,0,0,0,0,0,0,0.0,0,0,0,0,0,0,0,0,0,0,0,0,0,0,0,0,0.0,1,0,1,0,0,0,0,0,0,0,0,0.0,0,0,0,0,0.0,0,0,0,0,0,0,0,0,0.0,0,CHI,200510090cle,False,5 | 2005,LS
MannPa20,0,0,0,0,0,0,0,0,0.0,0,0,0,0,0,0,0,0,0,0,0,0,0,0,0,0,0.0,1,1,0,0,0,0,0,0,0,0,0,0.0,0,0,0,0,0.0,0,0,0,0,0,0,0,0,0.0,0,CHI,200510300det,False,8 | 2005,LS
MannPa20,0,0,0,0,0,0,0,0,0.0,0,0,0,0,0,0,0,0,0,0,0,0,0,0,0,0,0.0,1,1,0,0,0,0,0,0,0,0,0,0.0,0,0,0,0,0.0,0,0,0,0,0,0,0,0,0.0,0,CHI,200511130chi,True,10 | 2005,LS
MannPa20,0,0,0,0,0,0,0,0,0.0,0,0,0,0,0,0,0,0,0,0,0,0,0,0,0,0,0.0,1,1,0,0,0,0,0,0,0,0,0,0.0,0,0,0,0,0.0,0,0,0,0,0,0,0,0,0.0,0,CHI,200601150chi,True,19 | 2005,LS
LadoL.20,0,0,0,0,0,0,0,0,0.0,0,0,0,0,0,0,0,0,0,0,0,0,0,0,0,0,0.0,1,1,0,0,0,0,0,0,0,0,0,0.0,0,0,0,0,0.0,0,0,0,0,0,0,0,0,0.0,0,DAL,200609100jax,False,1 | 2006,LS
LadoL.20,0,0,0,0,0,0,0,0,0.0,0,0,0,0,0,0,0,0,0,0,0,0,0,0,0,0,0.0,2,2,0,0,0,0,0,0,0,0,0,0.0,0,0,0,0,0.0,0,0,0,0,0,0,0,0,0.0,0,DAL,200609170dal,True,2 | 2006,LS
MannPa20,0,0,0,0,0,0,0,0,0.0,0,0,0,0,0,0,0,0,0,0,0,0,0,0,0,0,0.0,1,1,0,0,0,0,0,0,0,0,0,0.0,0,0,0,0,0.0,0,0,0,0,0,0,0,0,0.0,0,CHI,200701210chi,True,20 | 2006,LS
LadoL.20,0,0,0,0,0,0,0,0,0.0,0,0,0,0,0,0,0,0,0,0,0,0,0,0,0,0,0.0,1,1,0,0,0,0,0,0,0,0,0,0.0,0,0,0,0,0.0,0,0,0,0,0,0,0,0,0.0,0,DAL,200709230chi,False,3 | 2007,LS
LadoL.20,0,0,0,0,0,0,0,0,0.0,0,0,0,0,0,0,0,0,0,0,0,0,0,0,0,0,0.0,1,1,0,0,0,0,0,0,0,0,0,0.0,0,0,0,0,0.0,0,0,0,0,0,0,0,0,0.0,0,DAL,200709300dal,True,4 | 2007,LS
MannPa20,0,0,0,0,0,0,0,0,0.0,0,0,0,0,0,0,0,0,0,0,0,0,0,0,0,0,0.0,2,2,0,0,0,0,0,0,0,0,0,0.0,0,0,0,0,0.0,0,0,0,0,0,0,0,0,0.0,0,CHI,200711110rai,False,10 | 2007,LS
MannPa20,0,0,0,0,0,0,0,0,0.0,0,0,0,0,0,0,0,0,0,0,0,0,0,0,0,0,0.0,2,2,0,0,0,0,0,0,0,0,0,0.0,0,0,0,0,0.0,0,0,0,0,0,0,0,0,0.0,0,CHI,200712020chi,True,13 | 2007,LS
MannPa20,0,0,0,0,0,0,0,0,0.0,0,0,0,0,0,0,0,0,0,0,0,0,0,0,0,0,0.0,1,1,0,0,0,0,0,0,0,0,0,0.0,0,0,0,0,0.0,0,0,0,0,0,0,0,0,0.0,0,CHI,200809140car,False,2 | 2008,LS
LadoL.20,0,0,0,0,0,0,0,0,0.0,0,0,0,0,0,0,0,0,0,0,0,0,0,0,0,0,0.0,1,1,0,0,0,0,0,0,0,0,0,0.0,0,0,0,0,0.0,0,0,0,0,0,0,0,0,0.0,0,DAL,200810120crd,False,6 | 2008,LS
LadoL.20,0,0,0,0,0,0,0,0,0.0,0,0,0,0,0,0,0,0,0,0,0,0,0,0,0,0,0.0,1,1,0,0,0,0,0,0,0,0,0,0.0,0,0,0,0,0.0,0,0,0,0,0,0,0,0,0.0,0,DAL,200812140dal,True,15 | 2008,LS
LadoL.20,0,0,0,0,0,0,0,0,0.0,0,0,0,0,0,0,0,0,0,0,0,0,0,0,0,0,0.0,1,1,0,0,0,0,0,0,0,0,0,0.0,0,0,0,0,0.0,0,0,0,0,0,0,0,0,0.0,0,DAL,200812280phi,False,17 | 2008,LS
MannPa20,0,0,0,0,0,0,0,0,0.0,0,0,0,0,0,0,0,0,0,0,0,0,0,0,0,0,0.0,1,1,0,0,0,0,0,0,0,0,0,0.0,0,0,0,0,0.0,0,0,0,0,0,0,0,0,0.0,0,CHI,200912060chi,True,13 | 2009,LS
MannPa20,0,0,0,0,0,0,0,0,0.0,0,0,0,0,0,0,0,0,0,0,0,0,0,0,0,0,0.0,1,0,1,0,0,0,0,0,0,0,0,0.0,0,0,0,0,0.0,0,0,0,0,0,0,0,0,0.0,0,CHI,200912130chi,True,14 | 2009,LS
MannPa20,0,0,0,0,0,0,0,0,0.0,0,0,0,0,0,0,0,0,0,0,0,0,0,0,0,0,0.0,1,1,0,0,0,0,0,0,0,0,0,0.0,0,0,0,0,0.0,0,0,0,0,0,0,0,0,0.0,0,CHI,200912280chi,True,16 | 2009,LS
MannPa20,0,0,0,0,0,0,0,0,0.0,0,0,0,0,0,0,0,0,0,0,0,0,0,0,0,0,0.0,1,0,1,0,0,0,0,0,0,0,0,0.0,0,0,0,0,0.0,0,0,0,0,0,0,0,0,0.0,0,CHI,201001030det,False,17 | 2009,LS
MannPa20,0,0,0,0,0,0,0,0,0.0,0,0,0,0,0,0,0,0,0,0,0,0,0,0,0,0,0.0,1,0,1,0,0,0,0,0,0,0,0,0.0,0,0,0,0,0.0,0,0,0,0,0,0,0,0,0.0,0,CHI,201010240chi,True,7 | 2010,LS
MannPa20,0,0,0,0,0,0,0,0,0.0,0,0,0,0,0,0,0,0,0,0,0,0,0,0,0,0,0.0,1,1,0,0,0,0,0,0,0,0,0,0.0,0,0,0,0,0.0,0,0,0,0,0,0,0,0,0.0,0,CHI,201011070buf,False,9 | 2010,LS
LadoL.20,0,0,0,0,0,0,0,0,0.0,0,0,0,0,0,0,0,0,0,0,0,0,0,0,0,0,0.0,1,0,1,0,0,0,0,0,0,0,0,0.0,0,0,0,0,0.0,0,0,0,0,0,0,0,0,0.0,0,DAL,201101020phi,False,17 | 2010,LS
MannPa20,0,0,0,0,0,0,0,0,0.0,0,0,0,0,0,0,0,0,0,0,0,0,0,0,0,0,0.0,1,1,0,0,0,0,0,0,0,0,0,0.0,0,0,0,0,0.0,0,0,0,0,0,0,0,0,0.0,0,CHI,201101230chi,True,20 | 2010,LS
AikeDa00,0,0,0,0,0,0,0,0,0.0,0,0,0,0,0,0,0,0,0,0,0,0,0,0,0,0,0.0,1,0,1,0,0,0,0,0,0,0,0,0.0,0,0,0,0,0.0,0,0,0,0,0,0,0,0,0.0,0,NWE,201109120mia,False,1 | 2011,LS
AikeDa00,0,0,0,0,0,0,0,0,0.0,0,0,0,0,0,0,0,0,0,0,0,0,0,0,0,0,0.0,1,1,0,0,0,0,0,0,0,0,0,0.0,0,0,0,0,0.0,0,0,0,0,0,0,0,0,0.0,0,NWE,201109250buf,False,3 | 2011,LS
LadoL.20,0,0,0,0,0,0,0,0,0.0,0,0,0,0,0,0,0,0,0,0,0,0,0,0,0,0,0.0,1,1,0,0,0,0,0,0,0,0,0,0.0,0,0,0,0,0.0,0,0,0,0,0,0,0,0,0.0,0,DAL,201110300phi,False,8 | 2011,LS
AikeDa00,0,0,0,0,0,0,0,0,0.0,0,0,0,0,0,0,0,0,0,0,0,0,0,0,0,0,0.0,1,0,1,0,0,0,0,0,0,0,0,0.0,0,0,0,0,0.0,0,0,0,0,0,0,0,0,0.0,0,NWE,201111130nyj,False,10 | 2011,LS
AikeDa00,0,0,0,0,0,0,0,0,0.0,0,0,0,0,0,0,0,0,0,0,0,0,0,0,0,0,0.0,1,0,1,0,0,0,0,0,0,0,0,0.0,0,0,0,0,0.0,0,0,0,0,0,0,0,0,0.0,0,NWE,201111210nwe,True,11 | 2011,LS
McQuJa00,0,0,0,0,0,0,0,0,0.0,0,0,0,0,0,0,0,0,0,0,0,0,0,0,0,0,0.0,1,1,0,0,0,0,0,0,0,0,0,0.0,0,0,0,0,0.0,0,0,0,0,0,0,0,0,0.0,0,RAM,201112040sfo,False,13 | 2011,LS
McQuJa00,0,0,0,0,0,0,0,0,0.0,0,0,0,0,0,0,0,0,0,0,0,0,0,0,0,0,0.0,1,1,0,0,0,0,0,0,0,0,0,0.0,0,0,0,0,0.0,0,0,0,0,0,0,0,0,0.0,0,RAM,201112180ram,True,15 | 2011,LS
AikeDa00,0,0,0,0,0,0,0,0,0.0,0,0,0,0,0,0,0,0,0,0,0,0,0,0,0,0,0.0,1,1,0,0,0,0,0,0,0,0,0,0.0,0,0,0,0,0.0,0,0,0,0,0,0,0,0,0.0,0,NWE,201112240nwe,True,16 | 2011,LS
LadoL.20,0,0,0,0,0,0,0,0,0.0,0,0,0,0,0,0,0,0,0,0,0,0,0,0,0,0,0.0,1,1,0,0,0,0,0,0,0,0,0,0.0,0,0,0,0,0.0,0,0,0,0,0,0,0,0,0.0,0,DAL,201112240dal,True,16 | 2011,LS
HarrJo02,0,0,0,0,0,0,0,0,0.0,0,0,0,0,0,0,0,0,0,0,0,0,0,0,0,0,0.0,1,1,0,0,0,0,0,0,0,0,0,0.0,0,0,0,0,0.0,0,0,0,0,0,0,0,0,0.0,0,ATL,201209090kan,False,1 | 2012,LS
MannPa20,0,0,0,0,0,0,0,0,0.0,0,0,0,0,0,0,0,0,0,0,0,0,0,0,0,0,0.0,1,1,0,0,0,0,0,0,0,0,0,0.0,0,0,0,0,0.0,0,0,0,0,0,0,0,0,0.0,0,CHI,201209130gnb,False,2 | 2012,LS
YounCh02,0,0,0,0,0,0,0,0,0.0,0,0,0,0,0,0,0,0,0,0,0,0,0,0,0,0,0.0,1,1,0,0,0,0,0,0,0,0,0,0.0,0,0,0,0,0.0,0,0,0,0,0,0,0,0,0.0,0,CLE,201209160cin,False,2 | 2012,LS
OverMa00,0,0,0,0,0,0,0,0,0.0,0,0,0,0,0,0,0,0,0,0,0,0,0,0,0,0,0.0,1,1,0,0,0,0,0,0,0,0,0,0.0,0,0,0,0,0.0,0,0,0,0,0,0,0,0,0.0,0,CLT,201209160clt,True,2 | 2012,LS
YounCh02,0,0,0,0,0,0,0,0,0.0,0,0,0,0,0,0,0,0,0,0,0,0,0,0,0,0,0.0,1,0,1,0,0,0,0,0,0,0,0,0.0,0,0,0,0,0.0,0,0,0,0,0,0,0,0,0.0,0,CLE,201209230cle,True,3 | 2012,LS
OverMa00,0,0,0,0,0,0,0,0,0.0,0,0,0,0,0,0,0,0,0,0,0,0,0,0,0,0,0.0,1,1,0,0,0,0,0,0,0,0,0,0.0,0,0,0,0,0.0,0,0,0,0,0,0,0,0,0.0,0,CLT,201209230clt,True,3 | 2012,LS
MannPa20,0,0,0,0,0,0,0,0,0.0,0,0,0,0,0,0,0,0,0,0,0,0,0,0,0,0,0.0,1,0,1,0,0,0,0,0,0,0,0,0.0,0,0,0,0,0.0,0,0,0,0,0,0,0,0,0.0,0,CHI,201209230chi,True,3 | 2012,LS
HarrJo02,0,0,0,0,0,0,0,0,0.0,0,0,0,0,0,0,0,0,0,0,0,0,0,0,0,0,0.0,1,1,0,0,0,0,0,0,0,0,0,0.0,0,0,0,0,0.0,0,0,0,0,0,0,0,0,0.0,0,ATL,201209300atl,True,4 | 2012,LS
OverMa00,0,0,0,0,0,0,0,0,0.0,0,0,0,0,0,0,0,0,0,0,0,0,0,0,0,0,0.0,1,1,0,0,0,0,0,0,0,0,0,0.0,0,0,0,0,0.0,0,0,0,0,0,0,0,0,0.0,0,CLT,201210070clt,True,5 | 2012,LS
BrinBe00,0,0,0,0,0,0,0,0,0.0,0,0,0,0,0,0,0,0,0,0,0,0,0,0,0,0,0.0,3,1,2,0,0,0,0,0,0,0,0,0.0,0,0,0,0,0.0,0,0,0,0,0,0,0,0,0.0,0,OTI,201210110oti,True,6 | 2012,LS
OverMa00,0,0,0,0,0,0,0,0,0.0,0,0,0,0,0,0,0,0,0,0,0,0,0,0,0,0,0.0,1,0,1,0,0,0,0,0,0,0,0,0.0,0,0,0,0,0.0,0,0,0,0,0,0,0,0,0.0,0,CLT,201210210clt,True,7 | 2012,LS
YounCh02,0,0,0,0,0,0,0,0,0.0,0,0,0,0,0,0,0,0,0,0,0,0,0,0,0,0,0.0,1,1,0,0,0,0,0,0,0,0,0,0.0,0,0,0,0,0.0,0,0,0,0,0,0,0,0,0.0,0,CLE,201210280cle,True,8 | 2012,LS
BrewAa00,0,0,0,0,0,0,0,0,0.0,0,0,0,0,0,0,0,0,0,0,0,0,0,0,0,0,0.0,1,1,0,0,0,0,0,0,0,0,0,0.0,0,0,0,0,0.0,0,0,0,0,0,0,0,0,0.0,0,DEN,201210280den,True,8 | 2012,LS
BrewAa00,0,0,0,0,0,0,0,0,0.0,0,0,0,0,0,0,0,0,0,0,0,0,0,0,0,0,0.0,1,1,0,0,0,0,0,0,0,0,0,0.0,0,0,0,0,0.0,0,0,0,0,0,0,0,0,0.0,0,DEN,201211040cin,False,9 | 2012,LS
HarrJo02,0,0,0,0,0,0,0,0,0.0,0,0,0,0,0,0,0,0,0,0,0,0,0,0,0,0,0.0,1,1,0,0,0,0,0,0,0,0,0,0.0,0,0,0,0,0.0,0,0,0,0,0,0,0,0,0.0,0,ATL,201211180atl,True,11 | 2012,LS
OverMa00,0,0,0,0,0,0,0,0,0.0,0,0,0,0,0,0,0,0,0,0,0,0,0,0,0,0,0.0,1,0,1,0,0,0,0,0,0,0,0,0.0,0,0,0,0,0.0,0,0,0,0,0,0,0,0,0.0,0,CLT,201211250clt,True,12 | 2012,LS
McQuJa00,0,0,0,0,0,0,0,0,0.0,0,0,0,0,0,0,0,0,0,0,0,0,0,0,0,0,0.0,1,1,0,0,0,0,0,0,0,0,0,0.0,0,0,0,0,0.0,0,0,0,0,0,0,0,0,0.0,0,RAM,201211250crd,False,12 | 2012,LS
BrinBe00,0,0,0,0,0,0,0,0,0.0,0,0,0,0,0,0,0,0,0,0,0,0,0,0,0,0,0.0,1,1,0,0,0,0,0,0,0,0,0,0.0,0,0,0,0,0.0,0,0,0,0,0,0,0,0,0.0,0,OTI,201212090clt,False,14 | 2012,LS
BrewAa00,0,0,0,0,0,0,0,0,0.0,0,0,0,0,0,0,0,0,0,0,0,0,0,0,0,0,0.0,1,1,0,0,0,0,0,0,0,0,0,0.0,0,0,0,0,0.0,0,0,0,0,0,0,0,0,0.0,0,DEN,201212160rav,False,15 | 2012,LS
AikeDa00,0,0,0,0,0,0,0,0,0.0,0,0,0,0,0,0,0,0,0,0,0,0,0,0,0,0,0.0,1,1,0,0,0,0,0,0,0,0,0,0.0,0,0,0,0,0.0,0,0,0,0,0,0,0,0,0.0,0,NWE,201212230jax,False,16 | 2012,LS
OverMa00,0,0,0,0,0,0,0,0,0.0,0,0,0,0,0,0,0,0,0,0,0,0,0,0,0,0,0.0,1,1,0,0,0,0,0,0,0,0,0,0.0,0,0,0,0,0.0,0,0,0,0,0,0,0,0,0.0,0,CLT,201212230kan,False,16 | 2012,LS
YounCh02,0,0,0,0,0,0,0,0,0.0,0,0,0,0,0,0,0,0,0,0,0,0,0,0,0,0,0.0,1,1,0,0,0,0,0,0,0,0,0,0.0,0,0,0,0,0.0,0,0,0,0,0,0,0,0,0.0,0,CLE,201212230den,False,16 | 2012,LS
YounCh02,0,0,0,0,0,0,0,0,0.0,0,0,0,0,0,0,0,0,0,0,0,0,0,0,0,0,0.0,1,0,1,0,0,0,0,0,0,0,0,0.0,0,0,0,0,0.0,0,0,0,0,0,0,0,0,0.0,0,CLE,201212300pit,False,17 | 2012,LS
BrinBe00,0,0,0,0,0,0,0,0,0.0,0,0,0,0,0,0,0,0,0,0,0,0,0,0,0,0,0.0,1,0,1,0,0,0,0,0,0,0,0,0.0,0,0,0,0,0.0,0,0,0,0,0,0,0,0,0.0,0,OTI,201212300oti,True,17 | 2012,LS
BrewAa00,0,0,0,0,0,0,0,0,0.0,0,0,0,0,0,0,0,0,0,0,0,0,0,0,0,0,0.0,1,1,0,0,0,0,0,0,0,0,0,0.0,0,0,0,0,0.0,0,0,0,0,0,0,0,0,0.0,0,DEN,201309050den,True,1 | 2013,LS
TinkCa00,0,0,0,0,0,0,0,0,0.0,0,0,0,0,0,0,0,0,0,0,0,0,0,0,0,0,0.0,1,1,0,0,0,0,0,0,0,0,0,0.0,0,0,0,0,0.0,0,0,0,0,0,0,0,0,0.0,0,JAX,201309290jax,True,4 | 2013,LS
BrinBe00,0,0,0,0,0,0,0,0,0.0,0,0,0,0,0,0,0,0,0,0,0,0,0,0,0,0,0.0,1,0,1,0,0,0,0,0,0,0,0,0.0,0,0,0,0,0.0,0,0,0,0,0,0,0,0,0.0,0,OTI,201309290oti,True,4 | 2013,LS
BrewAa00,0,0,0,0,0,0,0,0,0.0,0,0,0,0,0,0,0,0,0,0,0,0,0,0,0,0,0.0,1,1,0,0,0,0,0,0,0,0,0,0.0,0,0,0,0,0.0,0,0,0,0,0,0,0,0,0.0,0,DEN,201309290den,True,4 | 2013,LS
AikeDa00,0,0,0,0,0,0,0,0,0.0,0,0,0,0,0,0,0,0,0,0,0,0,0,0,0,0,0.0,1,1,0,0,0,0,0,0,0,0,0,0.0,0,0,0,0,0.0,0,0,0,0,0,0,0,0,0.0,0,NWE,201310060cin,False,5 | 2013,LS
BrinBe00,0,0,0,0,0,0,0,0,0.0,0,0,0,0,0,0,0,0,0,0,0,0,0,0,0,0,0.0,1,0,1,0,0,0,0,0,0,0,0,0.0,0,0,0,0,0.0,0,0,0,0,0,0,0,0,0.0,0,OTI,201310060oti,True,5 | 2013,LS
LadoL.20,0,0,0,0,0,0,0,0,0.0,0,0,0,0,0,0,0,0,0,0,0,0,0,0,0,0,0.0,1,1,0,0,0,0,0,0,0,0,0,0.0,0,0,0,0,0.0,0,0,0,0,0,0,0,0,0.0,0,DAL,201310130dal,True,6 | 2013,LS
AikeDa00,0,0,0,0,0,0,0,0,0.0,0,0,0,0,0,0,0,0,0,0,0,0,0,0,0,0,0.0,2,2,0,0,0,0,0,0,0,0,0,0.0,0,0,0,0,0.0,0,0,0,0,0,0,0,0,0.0,0,NWE,201310200nyj,False,7 | 2013,LS
BrinBe00,0,0,0,0,0,0,0,0,0.0,0,0,0,0,0,0,0,0,0,0,0,0,0,0,0,0,0.0,1,1,0,0,0,0,0,0,0,0,0,0.0,0,0,0,0,0.0,0,0,0,0,0,0,0,0,0.0,0,OTI,201311030ram,False,9 | 2013,LS
YounCh02,0,0,0,0,0,0,0,0,0.0,0,0,0,0,0,0,0,0,0,0,0,0,0,0,0,0,0.0,1,1,0,0,0,0,0,0,0,0,0,0.0,0,0,0,0,0.0,0,0,0,0,0,0,0,0,0.0,0,CLE,201311030cle,True,9 | 2013,LS
HarrJo02,0,0,0,0,0,0,0,0,0.0,0,0,0,0,0,0,0,0,0,0,0,0,0,0,0,0,0.0,1,0,1,0,0,0,0,0,0,0,0,0.0,0,0,0,0,0.0,0,0,0,0,0,0,0,0,0.0,0,ATL,201311100atl,True,10 | 2013,LS
OverMa00,0,0,0,0,0,0,0,0,0.0,0,0,0,0,0,0,0,0,0,0,0,0,0,0,0,0,0.0,1,1,0,0,0,0,0,0,0,0,0,0.0,0,0,0,0,0.0,0,0,0,0,0,0,0,0,0.0,0,CLT,201311100clt,True,10 | 2013,LS
LadoL.20,0,0,0,0,0,0,0,0,0.0,0,0,0,0,0,0,0,0,0,0,0,0,0,0,0,0,0.0,1,1,0,0,0,0,0,0,0,0,0,0.0,0,0,0,0,0.0,0,0,0,0,0,0,0,0,0.0,0,DAL,201311100nor,False,10 | 2013,LS
TinkCa00,0,0,0,0,0,0,0,0,0.0,0,0,0,0,0,0,0,0,0,0,0,0,0,0,0,0,0.0,1,1,0,0,0,0,0,0,0,0,0,0.0,0,0,0,0,0.0,0,0,0,0,0,0,0,0,0.0,0,JAX,201311170jax,True,11 | 2013,LS
BrinBe00,0,0,0,0,0,0,0,0,0.0,0,0,0,0,0,0,0,0,0,0,0,0,0,0,0,0,0.0,1,1,0,0,0,0,0,0,0,0,0,0.0,0,0,0,0,0.0,0,0,0,0,0,0,0,0,0.0,0,OTI,201311240rai,False,12 | 2013,LS
AikeDa00,0,0,0,0,0,0,0,0,0.0,0,0,0,0,0,0,0,0,0,0,0,0,0,0,0,0,0.0,1,1,0,0,0,0,0,0,0,0,0,0.0,0,0,0,0,0.0,0,0,0,0,0,0,0,0,0.0,0,NWE,201311240nwe,True,12 | 2013,LS
OverMa00,0,0,0,0,0,0,0,0,0.0,0,0,0,0,0,0,0,0,0,0,0,0,0,0,0,0,0.0,2,1,1,0,0,0,0,0,0,0,0,0.0,0,0,0,0,0.0,0,0,0,0,0,0,0,0,0.0,0,CLT,201312010clt,True,13 | 2013,LS
TinkCa00,0,0,0,0,0,0,0,0,0.0,0,0,0,0,0,0,0,0,0,0,0,0,0,0,0,0,0.0,1,0,1,0,0,0,0,0,0,0,0,0.0,0,0,0,0,0.0,0,0,0,0,0,0,0,0,0.0,0,JAX,201312010cle,False,13 | 2013,LS
HarrJo02,0,0,0,0,0,0,0,0,0.0,0,0,0,0,0,0,0,0,0,0,0,0,0,0,0,0,0.0,1,0,1,0,0,0,0,0,0,0,0,0.0,0,0,0,0,0.0,0,0,0,0,0,0,0,0,0.0,0,ATL,201312010buf,False,13 | 2013,LS
OverMa00,0,0,0,0,0,0,0,0,0.0,0,0,0,0,0,0,0,0,0,0,0,0,0,0,0,0,0.0,1,1,0,0,0,0,0,0,0,0,0,0.0,0,0,0,0,0.0,0,0,0,0,0,0,0,0,0.0,0,CLT,201312080cin,False,14 | 2013,LS
OverMa00,0,0,0,0,0,0,0,0,0.0,0,0,0,0,0,0,0,0,0,0,0,0,0,0,0,0,0.0,2,0,2,0,0,0,0,0,0,0,0,0.0,0,0,0,0,0.0,0,0,0,0,0,0,0,0,0.0,0,CLT,201401110nwe,False,19 | 2013,LS
TinkCa00,0,0,0,0,0,0,0,0,0.0,0,0,0,0,0,0,0,0,0,0,0,0,0,0,0,0,0.0,2,0,2,0,0,0,0,0,0,0,0,0.0,0,0,0,0,0.0,0,0,0,0,0,0,0,0,0.0,0,JAX,201409070phi,False,1 | 2014,LS
DePaAn00,0,0,0,0,0,0,0,0,0.0,0,0,0,0,0,0,0,0,0,0,0,0,0,0,0,0,0.0,1,0,1,0,0,0,0,0,0,0,0,0.0,0,0,0,0,0.0,0,0,0,0,0,0,0,0,0.0,0,TAM,201409070tam,True,1 | 2014,LS
OverMa00,0,0,0,0,0,0,0,0,0.0,0,0,0,0,0,0,0,0,0,0,0,0,0,0,0,0,0.0,1,1,0,0,0,0,0,0,0,0,0,0.0,0,0,0,0,0.0,0,0,0,0,0,0,0,0,0.0,0,CLT,201409070den,False,1 | 2014,LS
HarrJo02,0,0,0,0,0,0,0,0,0.0,0,0,0,0,0,0,0,0,0,0,0,0,0,0,0,0,0.0,1,0,1,0,0,0,0,0,0,0,0,0.0,0,0,0,0,0.0,0,0,0,0,0,0,0,0,0.0,0,ATL,201409140cin,False,2 | 2014,LS
OverMa00,0,0,0,0,0,0,0,0,0.0,0,0,0,0,0,0,0,0,0,0,0,0,0,0,0,0,0.0,1,1,0,0,0,0,0,0,0,0,0,0.0,0,0,0,0,0.0,0,0,0,0,0,0,0,0,0.0,0,CLT,201409150clt,True,2 | 2014,LS
BrinBe00,0,0,0,0,0,0,0,0,0.0,0,0,0,0,0,0,0,0,0,0,0,0,0,0,0,0,0.0,1,1,0,0,0,0,0,0,0,0,0,0.0,0,0,0,0,0.0,0,0,0,0,0,0,0,0,0.0,0,OTI,201409280clt,False,4 | 2014,LS
YounCh02,0,0,0,0,0,0,0,0,0.0,0,0,0,0,0,0,0,0,0,0,0,0,0,0,0,0,0.0,1,1,0,0,0,0,0,0,0,0,0,0.0,0,0,0,0,0.0,0,0,0,0,0,0,0,0,0.0,0,CLE,201410050oti,False,5 | 2014,LS
DePaAn00,0,0,0,0,0,0,0,0,0.0,0,0,0,0,0,0,0,0,0,0,0,0,0,0,0,0,0.0,1,1,0,0,0,0,0,0,0,0,0,0.0,0,0,0,0,0.0,0,0,0,0,0,0,0,0,0.0,0,TAM,201410050nor,False,5 | 2014,LS
YounCh02,0,0,0,0,0,0,0,0,0.0,0,0,0,0,0,0,0,0,0,0,0,0,0,0,0,0,0.0,1,0,1,0,0,0,0,0,0,0,0,0.0,0,0,0,0,0.0,0,0,0,0,0,0,0,0,0.0,0,CLE,201410120cle,True,6 | 2014,LS
HarrJo02,0,0,0,0,0,0,0,0,0.0,0,0,0,0,0,0,0,0,0,0,0,0,0,0,0,0,0.0,1,1,0,0,0,0,0,0,0,0,0,0.0,0,0,0,0,0.0,0,0,0,0,0,0,0,0,0.0,0,ATL,201410120atl,True,6 | 2014,LS
McQuJa00,0,0,0,0,0,0,0,0,0.0,0,0,0,0,0,0,0,0,0,0,0,0,0,0,0,0,0.0,1,1,0,0,0,0,0,0,0,0,0,0.0,0,0,0,0,0.0,0,0,0,0,0,0,0,0,0.0,0,RAM,201410190ram,True,7 | 2014,LS
HarrJo02,0,0,0,0,0,0,0,0,0.0,0,0,0,0,0,0,0,0,0,0,0,0,0,0,0,0,0.0,1,1,0,0,0,0,0,0,0,0,0,0.0,0,0,0,0,0.0,0,0,0,0,0,0,0,0,0.0,0,ATL,201410190rav,False,7 | 2014,LS
DePaAn00,0,0,0,0,0,0,0,0,0.0,0,0,0,0,0,0,0,0,0,0,0,0,0,0,0,0,0.0,1,1,0,0,0,0,0,0,0,0,0,0.0,0,0,0,0,0.0,0,0,0,0,0,0,0,0,0.0,0,TAM,201410260tam,True,8 | 2014,LS
McQuJa00,0,0,0,0,0,0,0,0,0.0,0,0,0,0,0,0,0,0,0,0,0,0,0,0,0,0,0.0,1,1,0,0,0,0,0,0,0,0,0,0.0,0,0,0,0,0.0,0,0,0,0,0,0,0,0,0.0,0,RAM,201410260kan,False,8 | 2014,LS
YounCh02,0,0,0,0,0,0,0,0,0.0,0,0,0,0,0,0,0,0,0,0,0,0,0,0,0,0,0.0,1,0,1,0,0,0,0,0,0,0,0,0.0,0,0,0,0,0.0,0,0,0,0,0,0,0,0,0.0,0,CLE,201410260cle,True,8 | 2014,LS
TinkCa00,0,0,0,0,0,0,0,0,0.0,0,0,0,0,0,0,0,0,0,0,0,0,0,0,0,0,0.0,1,1,0,0,0,0,0,0,0,0,0,0.0,0,0,0,0,0.0,0,0,0,0,0,0,0,0,0.0,0,JAX,201411020cin,False,9 | 2014,LS
BrewAa00,0,0,0,0,0,0,0,0,0.0,0,0,0,0,0,0,0,0,0,0,0,0,0,0,0,0,0.0,1,1,0,0,0,0,0,0,0,0,0,0.0,0,0,0,0,0.0,0,0,0,0,0,0,0,0,0.0,0,DEN,201411090rai,False,10 | 2014,LS
HarrJo02,0,0,0,0,0,0,0,0,0.0,0,0,0,0,0,0,0,0,0,0,0,0,0,0,0,0,0.0,1,0,1,0,0,0,0,0,0,0,0,0.0,0,0,0,0,0.0,0,0,0,0,0,0,0,0,0.0,0,ATL,201411160car,False,11 | 2014,LS
OverMa00,0,0,0,0,0,0,0,0,0.0,0,0,0,0,0,0,0,0,0,0,0,0,0,0,0,0,0.0,1,1,0,0,0,0,0,0,0,0,0,0.0,0,0,0,0,0.0,0,0,0,0,0,0,0,0,0.0,0,CLT,201411160clt,True,11 | 2014,LS
BrinBe00,0,0,0,0,0,0,0,0,0.0,0,0,0,0,0,0,0,0,0,0,0,0,0,0,0,0,0.0,2,1,1,0,0,0,0,0,0,0,0,0.0,0,0,0,0,0.0,0,0,0,0,0,0,0,0,0.0,0,OTI,201411230phi,False,12 | 2014,LS
BrewAa00,0,0,0,0,0,0,0,0,0.0,0,0,0,0,0,0,0,0,0,0,0,0,0,0,0,0,0.0,1,1,0,0,0,0,0,0,0,0,0,0.0,0,0,0,0,0.0,0,0,0,0,0,0,0,0,0.0,0,DEN,201411230den,True,12 | 2014,LS
LadoL.20,0,0,0,0,0,0,0,0,0.0,0,0,0,0,0,0,0,0,0,0,0,0,0,0,0,0,0.0,1,0,1,0,0,0,0,0,0,0,0,0.0,0,0,0,0,0.0,0,0,0,0,0,0,0,0,0.0,0,DAL,201411270dal,True,13 | 2014,LS
TinkCa00,0,0,0,0,0,0,0,0,0.0,0,0,0,0,0,0,0,0,0,0,0,0,0,0,0,0,0.0,1,1,0,0,0,0,0,0,0,0,0,0.0,0,0,0,0,0.0,0,0,0,0,0,0,0,0,0.0,0,JAX,201411300jax,True,13 | 2014,LS
YounCh02,0,0,0,0,0,0,0,0,0.0,0,0,0,0,0,0,0,0,0,0,0,0,0,0,0,0,0.0,1,0,1,0,0,0,0,0,0,0,0,0.0,0,0,0,0,0.0,0,0,0,0,0,0,0,0,0.0,0,CLE,201412070cle,True,14 | 2014,LS
HarrJo02,0,0,0,0,0,0,0,0,0.0,0,0,0,0,0,0,0,0,0,0,0,0,0,0,0,0,0.0,1,1,0,0,0,0,0,0,0,0,0,0.0,0,0,0,0,0.0,0,0,0,0,0,0,0,0,0.0,0,ATL,201412080gnb,False,14 | 2014,LS
DePaAn00,0,0,0,0,0,0,0,0,0.0,0,0,0,0,0,0,0,0,0,0,0,0,0,0,0,0,0.0,1,1,0,0,0,0,0,0,0,0,0,0.0,0,0,0,0,0.0,0,0,0,0,0,0,0,0,0.0,0,TAM,201412140car,False,15 | 2014,LS
BrinBe00,0,0,0,0,0,0,0,0,0.0,0,0,0,0,0,0,0,0,0,0,0,0,0,0,0,0,0.0,1,1,0,0,0,0,0,0,0,0,0,0.0,0,0,0,0,0.0,0,0,0,0,0,0,0,0,0.0,0,OTI,201412140oti,True,15 | 2014,LS
BrinBe00,0,0,0,0,0,0,0,0,0.0,0,0,0,0,0,0,0,0,0,0,0,0,0,0,0,0,0.0,1,1,0,0,0,0,0,0,0,0,0,0.0,0,0,0,0,0.0,0,0,0,0,0,0,0,0,0.0,0,OTI,201412180jax,False,16 | 2014,LS
BrewAa00,0,0,0,0,0,0,0,0,0.0,0,0,0,0,0,0,0,0,0,0,0,0,0,0,0,0,0.0,1,1,0,0,0,0,0,0,0,0,0,0.0,0,0,0,0,0.0,0,0,0,0,0,0,0,0,0.0,0,DEN,201412220cin,False,16 | 2014,LS
BrinBe00,0,0,0,0,0,0,0,0,0.0,0,0,0,0,0,0,0,0,0,0,0,0,0,0,0,0,0.0,1,1,0,0,0,0,0,0,0,0,0,0.0,0,0,0,0,0.0,0,0,0,0,0,0,0,0,0.0,0,OTI,201412280oti,True,17 | 2014,LS
TinkCa00,0,0,0,0,0,0,0,0,0.0,0,0,0,0,0,0,0,0,0,0,0,0,0,0,0,0,0.0,1,1,0,0,0,0,0,0,0,0,0,0.0,0,0,0,0,0.0,0,0,0,0,0,0,0,0,0.0,0,JAX,201412280htx,False,17 | 2014,LS
DePaAn00,0,0,0,0,0,0,0,0,0.0,0,0,0,0,0,0,0,0,0,0,0,0,0,0,0,0,0.0,1,1,0,0,0,0,0,0,0,0,0,0.0,0,0,0,0,0.0,0,0,0,0,0,0,0,0,0.0,0,TAM,201509130tam,True,1 | 2015,LS
HarrJo02,0,0,0,0,0,0,0,0,0.0,0,0,0,0,0,0,0,0,0,0,0,0,0,0,0,0,0.0,1,1,0,0,0,0,0,0,0,0,0,0.0,0,0,0,0,0.0,0,0,0,0,0,0,0,0,0.0,0,ATL,201509140atl,True,1 | 2015,LS
HughCh01,0,0,0,0,0,0,0,0,0.0,0,0,0,0,0,0,0,0,0,0,0,0,0,0,0,0,0.0,1,1,0,0,0,0,0,0,0,0,0,0.0,0,0,0,0,0.0,0,0,0,0,0,0,0,0,0.0,0,CLE,201509200cle,True,2 | 2015,LS
BrinBe00,0,0,0,0,0,0,0,0,0.0,0,0,0,0,0,0,0,0,0,0,0,0,0,0,0,0,0.0,2,2,0,0,0,0,0,0,0,0,0,0.0,0,0,0,0,0.0,0,0,0,0,0,0,0,0,0.0,0,OTI,201509200cle,False,2 | 2015,LS
DePaAn00,0,0,0,0,0,0,0,0,0.0,0,0,0,0,0,0,0,0,0,0,0,0,0,0,0,0,0.0,1,1,0,0,0,0,0,0,0,0,0,0.0,0,0,0,0,0.0,0,0,0,0,0,0,0,0,0.0,0,TAM,201509270htx,False,3 | 2015,LS
TinkCa00,0,0,0,0,0,0,0,0,0.0,0,0,0,0,0,0,0,0,0,0,0,0,0,0,0,0,0.0,1,1,0,0,0,0,0,0,0,0,0,0.0,0,0,0,0,0.0,0,0,0,0,0,0,0,0,0.0,0,JAX,201509270nwe,False,3 | 2015,LS
HarrJo02,0,0,0,0,0,0,0,0,0.0,0,0,0,0,0,0,0,0,0,0,0,0,0,0,0,0,0.0,1,1,0,0,0,0,0,0,0,0,0,0.0,0,0,0,0,0.0,0,0,0,0,0,0,0,0,0.0,0,ATL,201510040atl,True,4 | 2015,LS
TinkCa00,0,0,0,0,0,0,0,0,0.0,0,0,0,0,0,0,0,0,0,0,0,0,0,0,0,0,0.0,1,1,0,0,0,0,0,0,0,0,0,0.0,0,0,0,0,0.0,0,0,0,0,0,0,0,0,0.0,0,JAX,201510040clt,False,4 | 2015,LS
LadoL.20,0,0,0,0,0,0,0,0,0.0,0,0,0,0,0,0,0,0,0,0,0,0,0,0,0,0,0.0,1,1,0,0,0,0,0,0,0,0,0,0.0,0,0,0,0,0.0,0,0,0,0,0,0,0,0,0.0,0,DAL,201510040nor,False,4 | 2015,LS
LadoL.20,0,0,0,0,0,0,0,0,0.0,0,0,0,0,0,0,0,0,0,0,0,0,0,0,0,0,0.0,1,0,1,0,0,0,0,0,0,0,0,0.0,0,0,0,0,0.0,0,0,0,0,0,0,0,0,0.0,0,DAL,201510110dal,True,5 | 2015,LS
OverMa00,0,0,0,0,0,0,0,0,0.0,0,0,0,0,0,0,0,0,0,0,0,0,0,0,0,0,0.0,1,1,0,0,0,0,0,0,0,0,0,0.0,0,0,0,0,0.0,0,0,0,0,0,0,0,0,0.0,0,CLT,201510180clt,True,6 | 2015,LS
OverMa00,0,0,0,0,0,0,0,0,0.0,0,0,0,0,0,0,0,0,0,0,0,0,0,0,0,0,0.0,1,0,1,0,0,0,0,0,0,0,0,0.0,0,0,0,0,0.0,0,0,0,0,0,0,0,0,0.0,0,CLT,201510250clt,True,7 | 2015,LS
BrinBe00,0,0,0,0,0,0,0,0,0.0,0,0,0,0,0,0,0,0,0,0,0,0,0,0,0,0,0.0,1,0,1,0,0,0,0,0,0,0,0,0.0,0,0,0,0,0.0,0,0,0,0,0,0,0,0,0.0,0,OTI,201511010htx,False,8 | 2015,LS
HughCh01,0,0,0,0,0,0,0,0,0.0,0,0,0,0,0,0,0,0,0,0,0,0,0,0,0,0,0.0,1,1,0,0,0,0,0,0,0,0,0,0.0,0,0,0,0,0.0,0,0,0,0,0,0,0,0,0.0,0,CLE,201511050cin,False,9 | 2015,LS
TinkCa00,0,0,0,0,0,0,0,0,0.0,0,0,0,0,0,0,0,0,0,0,0,0,0,0,0,0,0.0,1,1,0,0,0,0,0,0,0,0,0,0.0,0,0,0,0,0.0,0,0,0,0,0,0,0,0,0.0,0,JAX,201511080nyj,False,9 | 2015,LS
BrinBe00,0,0,0,0,0,0,0,0,0.0,0,0,0,0,0,0,0,0,0,0,0,0,0,0,0,0,0.0,1,1,0,0,0,0,0,0,0,0,0,0.0,0,0,0,0,0.0,0,0,0,0,0,0,0,0,0.0,0,OTI,201511150oti,True,10 | 2015,LS
TinkCa00,0,0,0,0,0,0,0,0,0.0,0,0,0,0,0,0,0,0,0,0,0,0,0,0,0,0,0.0,1,1,0,0,0,0,0,0,0,0,0,0.0,0,0,0,0,0.0,0,0,0,0,0,0,0,0,0.0,0,JAX,201511150rav,False,10 | 2015,LS
HarrJo02,0,0,0,0,0,0,0,0,0.0,0,0,0,0,0,0,0,0,0,0,0,0,0,0,0,0,0.0,1,1,0,0,0,0,0,0,0,0,0,0.0,0,0,0,0,0.0,0,0,0,0,0,0,0,0,0.0,0,ATL,201511220atl,True,11 | 2015,LS
OverMa00,0,0,0,0,0,0,0,0,0.0,0,0,0,0,0,0,0,0,0,0,0,0,0,0,0,0,0.0,1,1,0,0,0,0,0,0,0,0,0,0.0,0,0,0,0,0.0,0,0,0,0,0,0,0,0,0.0,0,CLT,201511220atl,False,11 | 2015,LS
BrinBe00,0,0,0,0,0,0,0,0,0.0,0,0,0,0,0,0,0,0,0,0,0,0,0,0,0,0,0.0,1,1,0,0,0,0,0,0,0,0,0,0.0,0,0,0,0,0.0,0,0,0,0,0,0,0,0,0.0,0,OTI,201511290oti,True,12 | 2015,LS
DePaAn00,0,0,0,0,0,0,0,0,0.0,0,0,0,0,0,0,0,0,0,0,0,0,0,0,0,0,0.0,1,1,0,0,0,0,0,0,0,0,0,0.0,0,0,0,0,0.0,0,0,0,0,0,0,0,0,0.0,0,TAM,201511290clt,False,12 | 2015,LS
McQuJa00,0,0,0,0,0,0,0,0,0.0,0,0,0,0,0,0,0,0,0,0,0,0,0,0,0,0,0.0,1,0,1,0,0,0,0,0,0,0,0,0.0,0,0,0,0,0.0,0,0,0,0,0,0,0,0,0.0,0,RAM,201511290cin,False,12 | 2015,LS
CardJo00,0,0,0,0,0,0,0,0,0.0,0,0,0,0,0,0,0,0,0,0,0,0,0,0,0,0,0.0,3,3,0,0,0,0,0,0,0,0,0,0.0,0,0,0,0,0.0,0,0,0,0,0,0,0,0,0.0,0,NWE,201511290den,False,12 | 2015,LS
TinkCa00,0,0,0,0,0,0,0,0,0.0,0,0,0,0,0,0,0,0,0,0,0,0,0,0,0,0,0.0,1,1,0,0,0,0,0,0,0,0,0,0.0,0,0,0,0,0.0,0,0,0,0,0,0,0,0,0.0,0,JAX,201512060oti,False,13 | 2015,LS
McDeKe00,0,0,0,0,0,0,0,0,0.0,0,0,0,0,0,0,0,0,0,0,0,0,0,0,0,0,0.0,1,1,0,0,0,0,0,0,0,0,0,0.0,0,0,0,0,0.0,0,0,0,0,0,0,0,0,0.0,0,MIN,201512060min,True,13 | 2015,LS
TinkCa00,0,0,0,0,0,0,0,0,0.0,0,0,0,0,0,0,0,0,0,0,0,0,0,0,0,0,0.0,1,1,0,0,0,0,0,0,0,0,0,0.0,0,0,0,0,0.0,0,0,0,0,0,0,0,0,0.0,0,JAX,201512130jax,True,14 | 2015,LS
HughCh01,0,0,0,0,0,0,0,0,0.0,0,0,0,0,0,0,0,0,0,0,0,0,0,0,0,0,0.0,1,1,0,0,0,0,0,0,0,0,0,0.0,0,0,0,0,0.0,0,0,0,0,0,0,0,0,0.0,0,CLE,201512130cle,True,14 | 2015,LS
OverMa00,0,0,0,0,0,0,0,0,0.0,0,0,0,0,0,0,0,0,0,0,0,0,0,0,0,0,0.0,1,1,0,0,0,0,0,0,0,0,0,0.0,0,0,0,0,0.0,0,0,0,0,0,0,0,0,0.0,0,CLT,201512200clt,True,15 | 2015,LS
DePaAn00,0,0,0,0,0,0,0,0,0.0,0,0,0,0,0,0,0,0,0,0,0,0,0,0,0,0,0.0,1,1,0,0,0,0,0,0,0,0,0,0.0,0,0,0,0,0.0,0,0,0,0,0,0,0,0,0.0,0,TAM,201512270tam,True,16 | 2015,LS
BrinBe00,0,0,0,0,0,0,0,0,0.0,0,0,0,0,0,0,0,0,0,0,0,0,0,0,0,0,0.0,1,1,0,0,0,0,0,0,0,0,0,0.0,0,0,0,0,0.0,0,0,0,0,0,0,0,0,0.0,0,OTI,201601030clt,False,17 | 2015,LS
WincJa00,0,0,0,0,0,0,0,0,0.0,0,0,0,0,0,0,0,0,0,0,0,0,0,0,0,0,0.0,1,1,0,0,0,0,0,0,0,0,0,0.0,0,0,0,0,0.0,0,0,0,0,0,0,0,0,0.0,0,KAN,201601160nwe,False,19 | 2015,LS
BrewAa00,0,0,0,0,0,0,0,0,0.0,0,0,0,0,0,0,0,0,0,0,0,0,0,0,0,0,0.0,1,1,0,0,0,0,0,0,0,0,0,0.0,0,0,0,0,0.0,0,0,0,0,0,0,0,0,0.0,0,DEN,201601170den,True,19 | 2015,LS
HughCh01,0,0,0,0,0,0,0,0,0.0,0,0,0,0,0,0,0,0,0,0,0,0,0,0,0,0,0.0,1,1,0,0,0,0,0,0,0,0,0,0.0,0,0,0,0,0.0,0,0,0,0,0,0,0,0,0.0,0,CLE,201609110phi,False,1 | 2016,LS
BrinBe00,0,0,0,0,0,0,0,0,0.0,0,0,0,0,0,0,0,0,0,0,0,0,0,0,0,0,0.0,1,1,0,0,0,0,0,0,0,0,0,0.0,0,0,0,0,0.0,0,0,0,0,0,0,0,0,0.0,0,OTI,201609180det,False,2 | 2016,LS
HughCh01,0,0,0,0,0,0,0,0,0.0,0,0,0,0,0,0,0,0,0,0,0,0,0,0,0,0,0.0,1,0,1,0,0,0,0,0,0,0,0,0.0,0,0,0,0,0.0,0,0,0,0,0,0,0,0,0.0,0,CLE,201609250mia,False,3 | 2016,LS
HarrJo02,0,0,0,0,0,0,0,0,0.0,0,0,0,0,0,0,0,0,0,0,0,0,0,0,0,0,0.0,1,1,0,0,0,0,0,0,0,0,0,0.0,0,0,0,0,0.0,0,0,0,0,0,0,0,0,0.0,0,ATL,201610020atl,True,4 | 2016,LS
McQuJa00,0,0,0,0,0,0,0,0,0.0,0,0,0,0,0,0,0,0,0,0,0,0,0,0,0,0,0.0,1,1,0,0,0,0,0,0,0,0,0,0.0,0,0,0,0,0.0,0,0,0,0,0,0,0,0,0.0,0,RAM,201610020crd,False,4 | 2016,LS
HughCh01,0,0,0,0,0,0,0,0,0.0,0,0,0,0,0,0,0,0,0,0,0,0,0,0,0,0,0.0,1,0,1,0,0,0,0,0,0,0,0,0.0,0,0,0,0,0.0,0,0,0,0,0,0,0,0,0.0,0,CLE,201610090cle,True,5 | 2016,LS
KreiCa00,0,0,0,0,0,0,0,0,0.0,0,0,0,0,0,0,0,0,0,0,0,0,0,0,0,0,0.0,1,1,0,0,0,0,0,0,0,0,0,0.0,0,0,0,0,0.0,0,0,0,0,0,0,0,0,0.0,0,DEN,201610130sdg,False,6 | 2016,LS
CardJo00,0,0,0,0,0,0,0,0,0.0,0,0,0,0,0,0,0,0,0,0,0,0,0,0,0,0,0.0,1,0,1,0,0,0,0,0,0,0,0,0.0,0,0,0,0,0.0,0,0,0,0,0,0,0,0,0.0,0,NWE,201610160nwe,True,6 | 2016,LS
BrinBe00,0,0,0,0,0,0,0,0,0.0,0,0,0,0,0,0,0,0,0,0,0,0,0,0,0,0,0.0,1,1,0,0,0,0,0,0,0,0,0,0.0,0,0,0,0,0.0,0,0,0,0,0,0,0,0,0.0,0,OTI,201610230oti,True,7 | 2016,LS
WincJa00,0,0,0,0,0,0,0,0,0.0,0,0,0,0,0,0,0,0,0,0,0,0,0,0,0,0,0.0,1,1,0,0,0,0,0,0,0,0,0,0.0,0,0,0,0,0.0,0,0,0,0,0,0,0,0,0.0,0,KAN,201610230kan,True,7 | 2016,LS
HughCh01,0,0,0,0,0,0,0,0,0.0,0,0,0,0,0,0,0,0,0,0,0,0,0,0,0,0,0.0,1,1,0,0,0,0,0,0,0,0,0,0.0,0,0,0,0,0.0,0,0,0,0,0,0,0,0,0.0,0,CLE,201611060cle,True,9 | 2016,LS
WincJa00,0,0,0,0,0,0,0,0,0.0,0,0,0,0,0,0,0,0,0,0,0,0,0,0,0,0,0.0,1,1,0,0,0,0,0,0,0,0,0,0.0,0,0,0,0,0.0,0,0,0,0,0,0,0,0,0.0,0,KAN,201611130car,False,10 | 2016,LS
CardJo00,0,0,0,0,0,0,0,0,0.0,0,0,0,0,0,0,0,0,0,0,0,0,0,0,0,0,0.0,1,0,1,0,0,0,0,0,0,0,0,0.0,0,0,0,0,0.0,0,0,0,0,0,0,0,0,0.0,0,NWE,201611130nwe,True,10 | 2016,LS
FresNo00,0,0,0,0,0,0,0,0,0.0,0,0,0,0,0,0,0,0,0,0,0,0,0,0,0,0,0.0,1,0,1,0,0,0,0,0,0,0,0,0.0,0,0,0,0,0.0,0,0,0,0,0,0,0,0,0.0,0,SEA,201611130nwe,False,10 | 2016,LS
ScalPa00,0,0,0,0,0,0,0,0,0.0,0,0,0,0,0,0,0,0,0,0,0,0,0,0,0,0,0.0,1,1,0,0,0,0,0,0,0,0,0,0.0,0,0,0,0,0.0,0,0,0,0,0,0,0,0,0.0,0,CHI,201611200nyg,False,11 | 2016,LS
FresNo00,0,0,0,0,0,0,0,0,0.0,0,0,0,0,0,0,0,0,0,0,0,0,0,0,0,0,0.0,1,0,1,0,0,0,0,0,0,0,0,0.0,0,0,0,0,0.0,0,0,0,0,0,0,0,0,0.0,0,SEA,201611200sea,True,11 | 2016,LS
BrewAa00,0,0,0,0,0,0,0,0,0.0,0,0,0,0,0,0,0,0,0,0,0,0,0,0,0,0,0.0,1,1,0,0,0,0,0,0,0,0,0,0.0,0,0,0,0,0.0,0,0,0,0,0,0,0,0,0.0,0,CRD,201611270atl,False,12 | 2016,LS
FresNo00,0,0,0,0,0,0,0,0,0.0,0,0,0,0,0,0,0,0,0,0,0,0,0,0,0,0,0.0,1,1,0,0,0,0,0,0,1,0,0,0.0,0,0,0,0,0.0,0,0,0,0,0,0,0,0,0.0,0,SEA,201611270tam,False,12 | 2016,LS
WincJa00,0,0,0,0,0,0,0,0,0.0,0,0,0,0,0,0,0,0,0,0,0,0,0,0,0,0,0.0,0,0,0,0,0,1,0,0,0,0,0,0.0,0,0,0,0,0.0,0,0,0,0,0,0,0,0,0.0,0,KAN,201611270den,False,12 | 2016,LS
LadoL.20,0,0,0,0,0,0,0,0,0.0,0,0,0,0,0,0,0,0,0,0,0,0,0,0,0,0,0.0,1,1,0,0,0,0,0,0,0,0,0,0.0,0,0,0,0,0.0,0,0,0,0,0,0,0,0,0.0,0,DAL,201612010min,False,13 | 2016,LS
CardJo00,0,0,0,0,0,0,0,0,0.0,0,0,0,0,0,0,0,0,0,0,0,0,0,0,0,0,0.0,1,1,0,0,0,0,0,0,0,0,0,0.0,0,0,0,0,0.0,0,0,0,0,0,0,0,0,0.0,0,NWE,201612040nwe,True,13 | 2016,LS
TinkCa00,0,0,0,0,0,0,0,0,0.0,0,0,0,0,0,0,0,0,0,0,0,0,0,0,0,0,0.0,1,0,1,0,0,0,0,0,0,0,0,0.0,0,0,0,0,0.0,0,0,0,0,0,0,0,0,0.0,0,JAX,201612040jax,True,13 | 2016,LS
TinkCa00,0,0,0,0,0,0,0,0,0.0,0,0,0,0,0,0,0,0,0,0,0,0,0,0,0,0,0.0,1,1,0,0,0,0,0,0,0,0,0,0.0,0,0,0,0,0.0,0,0,0,0,0,0,0,0,0.0,0,JAX,201612110jax,True,14 | 2016,LS
HarrJo02,0,0,0,0,0,0,0,0,0.0,0,0,0,0,0,0,0,0,0,0,0,0,0,0,0,0,0.0,1,1,0,0,0,0,0,0,0,0,0,0.0,0,0,0,0,0.0,0,0,0,0,0,0,0,0,0.0,0,ATL,201612110ram,False,14 | 2016,LS
LadoL.20,0,0,0,0,0,0,0,0,0.0,0,0,0,0,0,0,0,0,0,0,0,0,0,0,0,0,0.0,1,1,0,0,0,0,0,0,0,0,0,0.0,0,0,0,0,0.0,0,0,0,0,0,0,0,0,0.0,0,DAL,201612110nyg,False,14 | 2016,LS
HughCh01,0,0,0,0,0,0,0,0,0.0,0,0,0,0,0,0,0,0,0,0,0,0,0,0,0,0,0.0,1,1,0,0,0,0,0,0,0,0,0,0.0,0,0,0,0,0.0,0,0,0,0,0,0,0,0,0.0,0,CLE,201612180buf,False,15 | 2016,LS
HarrJo02,0,0,0,0,0,0,0,0,0.0,0,0,0,0,0,0,0,0,0,0,0,0,0,0,0,0,0.0,1,1,0,0,0,0,0,0,0,0,0,0.0,0,0,0,0,0.0,0,0,0,0,0,0,0,0,0.0,0,ATL,201612240car,False,16 | 2016,LS
BrinBe00,0,0,0,0,0,0,0,0,0.0,0,0,0,0,0,0,0,0,0,0,0,0,0,0,0,0,0.0,1,1,0,0,0,0,0,0,0,0,0,0.0,0,0,0,0,0.0,0,0,0,0,0,0,0,0,0.0,0,OTI,201612240jax,False,16 | 2016,LS
McDeKe00,0,0,0,0,0,0,0,0,0.0,0,0,0,0,0,0,0,0,0,0,0,0,0,0,0,0,0.0,1,1,0,0,0,0,0,0,0,0,0,0.0,0,0,0,0,0.0,0,0,0,0,0,0,0,0,0.0,0,MIN,201612240gnb,False,16 | 2016,LS
OverMa00,0,0,0,0,0,0,0,0,0.0,0,0,0,0,0,0,0,0,0,0,0,0,0,0,0,0,0.0,1,0,1,0,0,0,0,0,0,0,0,0.0,0,0,0,0,0.0,0,0,0,0,0,0,0,0,0.0,0,CLT,201701010clt,True,17 | 2016,LS
BrewAa00,0,0,0,0,0,0,0,0,0.0,0,0,0,0,0,0,0,0,0,0,0,0,0,0,0,0,0.0,1,1,0,0,0,0,0,0,0,0,0,0.0,0,0,0,0,0.0,0,0,0,0,0,0,0,0,0.0,0,CRD,201701010ram,False,17 | 2016,LS
CardJo00,0,0,0,0,0,0,0,0,0.0,0,0,0,0,0,0,0,0,0,0,0,0,0,0,0,0,0.0,1,0,1,0,0,0,0,0,0,0,0,0.0,0,0,0,0,0.0,0,0,0,0,0,0,0,0,0.0,0,NWE,201709070nwe,True,1 | 2017,LS
HarrJo02,0,0,0,0,0,0,0,0,0.0,0,0,0,0,0,0,0,0,0,0,0,0,0,0,0,0,0.0,1,0,1,0,0,0,0,0,0,0,0,0.0,0,0,0,0,0.0,0,0,0,0,0,0,0,0,0.0,0,ATL,201709100chi,False,1 | 2017,LS
CanaKa00,0,0,0,0,0,0,0,0,0.0,0,0,0,0,0,0,0,0,0,0,0,0,0,0,0,0,0.0,1,0,1,0,0,0,0,0,0,0,0,0.0,0,0,0,0,0.0,0,0,0,0,0,0,0,0,0.0,0,PIT,201709100cle,False,1 | 2017,LS
CardJo00,0,0,0,0,0,0,0,0,0.0,0,0,0,0,0,0,0,0,0,0,0,0,0,0,0,0,0.0,1,1,0,0,0,0,0,0,0,0,0,0.0,0,0,0,0,0.0,0,0,0,0,0,0,0,0,0.0,0,NWE,201709170nor,False,2 | 2017,LS
WincJa00,0,0,0,0,0,0,0,0,0.0,0,0,0,0,0,0,0,0,0,0,0,0,0,0,0,0,0.0,1,1,0,0,0,0,0,0,1,0,0,0.0,0,0,0,0,0.0,0,0,0,0,0,0,0,0,0.0,0,KAN,201709170kan,True,2 | 2017,LS
BrinBe00,0,0,0,0,0,0,0,0,0.0,0,0,0,0,0,0,0,0,0,0,0,0,0,0,0,0,0.0,1,1,0,0,0,0,0,0,0,0,0,0.0,0,0,0,0,0.0,0,0,0,0,0,0,0,0,0.0,0,OTI,201709170jax,False,2 | 2017,LS
KreiCa00,0,0,0,0,0,0,0,0,0.0,0,0,0,0,0,0,0,0,0,0,0,0,0,0,0,0,0.0,1,1,0,0,0,0,0,0,0,0,0,0.0,0,0,0,0,0.0,0,0,0,0,0,0,0,0,0.0,0,DEN,201709170den,True,2 | 2017,LS
CardJo00,0,0,0,0,0,0,0,0,0.0,0,0,0,0,0,0,0,0,0,0,0,0,0,0,0,0,0.0,1,0,1,0,0,0,0,0,0,0,0,0.0,0,0,0,0,0.0,0,0,0,0,0,0,0,0,0.0,0,NWE,201709240nwe,True,3 | 2017,LS
HughCh01,0,0,0,0,0,0,0,0,0.0,0,0,0,0,0,0,0,0,0,0,0,0,0,0,0,0,0.0,1,1,0,0,0,0,0,0,0,0,0,0.0,0,0,0,0,0.0,0,0,0,0,0,0,0,0,0.0,0,CLE,201709240clt,False,3 | 2017,LS
BrewAa00,0,0,0,0,0,0,0,0,0.0,0,0,0,0,0,0,0,0,0,0,0,0,0,0,0,0,0.0,1,1,0,0,0,0,0,0,0,0,0,0.0,0,0,0,0,0.0,0,0,0,0,0,0,0,0,0.0,0,CRD,201709250crd,True,3 | 2017,LS
HennTh00,0,0,0,0,0,0,0,0,0.0,0,0,0,0,0,0,0,0,0,0,0,0,0,0,0,0,0.0,2,1,1,0,0,0,0,0,1,0,0,0.0,0,0,0,0,0.0,0,0,0,0,0,0,0,0,0.0,0,NYJ,201710080cle,False,5 | 2017,LS
BrewAa00,0,0,0,0,0,0,0,0,0.0,0,0,0,0,0,0,0,0,0,0,0,0,0,0,0,0,0.0,1,0,1,0,0,0,0,0,0,0,0,0.0,0,0,0,0,0.0,0,0,0,0,0,0,0,0,0.0,0,CRD,201710080phi,False,5 | 2017,LS
LovaRi00,0,0,0,0,0,0,0,0,0.0,0,0,0,0,0,0,0,0,0,0,0,0,0,0,0,0,0.0,1,1,0,0,0,0,0,0,0,0,0,0.0,0,0,0,0,0.0,0,0,0,0,0,0,0,0,0.0,0,PHI,201710120car,False,6 | 2017,LS
CardJo00,0,0,0,0,0,0,0,0,0.0,0,0,0,0,0,0,0,0,0,0,0,0,0,0,0,0,0.0,1,1,0,0,0,0,0,0,0,0,0,0.0,0,0,0,0,0.0,0,0,0,0,0,0,0,0,0.0,0,NWE,201710150nyj,False,6 | 2017,LS
HughCh01,0,0,0,0,0,0,0,0,0.0,0,0,0,0,0,0,0,0,0,0,0,0,0,0,0,0,0.0,1,0,1,0,0,0,0,0,0,0,0,0.0,0,0,0,0,0.0,0,0,0,0,0,0,0,0,0.0,0,CLE,201710150htx,False,6 | 2017,LS
FergRe00,0,0,0,0,0,0,0,0,0.0,0,0,0,0,0,0,0,0,0,0,0,0,0,0,0,0,0.0,1,0,1,0,0,0,0,0,0,0,0,0.0,0,0,0,0,0.0,0,0,0,0,0,0,0,0,0.0,0,BUF,201710220buf,True,7 | 2017,LS
HughCh01,0,0,0,0,0,0,0,0,0.0,0,0,0,0,0,0,0,0,0,0,0,0,0,0,0,0,0.0,1,1,0,0,0,0,0,0,0,0,0,0.0,0,0,0,0,0.0,0,0,0,0,0,0,0,0,0.0,0,CLE,201710290cle,True,8 | 2017,LS
OttxTy00,0,0,0,0,0,0,0,0,0.0,0,0,0,0,0,0,0,0,0,0,0,0,0,0,0,0,0.0,1,1,0,0,0,0,0,0,0,0,0,0.0,0,0,0,0,0.0,0,0,0,0,0,0,0,0,0.0,0,SEA,201710290sea,True,8 | 2017,LS
HartDe01,0,0,0,0,0,0,0,0,0.0,0,0,0,0,0,0,0,0,0,0,0,0,0,0,0,0,0.0,1,0,1,0,0,0,0,0,0,0,0,0.0,0,0,0,0,0.0,0,0,0,0,0,0,0,0,0.0,0,GNB,201711060gnb,True,9 | 2017,LS
OttxTy00,0,0,0,0,0,0,0,0,0.0,0,0,0,0,0,0,0,0,0,0,0,0,0,0,0,0,0.0,1,1,0,0,0,0,0,0,0,0,0,0.0,0,0,0,0,0.0,0,0,0,0,0,0,0,0,0.0,0,SEA,201711090crd,False,10 | 2017,LS
LadoL.20,0,0,0,0,0,0,0,0,0.0,0,0,0,0,0,0,0,0,0,0,0,0,0,0,0,0,0.0,0,0,0,0,0,1,0,0,0,0,0,0.0,0,0,0,0,0.0,0,0,0,0,0,0,0,0,0.0,0,DAL,201711300dal,True,13 | 2017,LS
KreiCa00,0,0,0,0,0,0,0,0,0.0,0,0,0,0,0,0,0,0,0,0,0,0,0,0,0,0,0.0,1,0,1,0,0,0,0,0,0,0,0,0.0,0,0,0,0,0.0,0,0,0,0,0,0,0,0,0.0,0,DEN,201712030mia,False,13 | 2017,LS
HennTh00,0,0,0,0,0,0,0,0,0.0,0,0,0,0,0,0,0,0,0,0,0,0,0,0,0,0,0.0,1,0,1,0,0,0,0,0,0,0,0,0.0,0,0,0,0,0.0,0,0,0,0,0,0,0,0,0.0,0,NYJ,201712100den,False,14 | 2017,LS
DePaAn00,0,0,0,0,0,0,0,0,0.0,0,0,0,0,0,0,0,0,0,0,0,0,0,0,0,0,0.0,1,1,0,0,0,0,0,0,0,0,0,0.0,0,0,0,0,0.0,0,0,0,0,0,0,0,0,0.0,0,CHI,201712160det,False,15 | 2017,LS
OttxTy00,0,0,0,0,0,0,0,0,0.0,0,0,0,0,0,0,0,0,0,0,0,0,0,0,0,0,0.0,1,1,0,0,0,0,0,0,0,0,0,0.0,0,0,0,0,0.0,0,0,0,0,0,0,0,0,0.0,0,SEA,201712170sea,True,15 | 2017,LS
HarrJo02,0,0,0,0,0,0,0,0,0.0,0,0,0,0,0,0,0,0,0,0,0,0,0,0,0,0,0.0,1,1,0,0,0,0,0,0,0,0,0,0.0,0,0,0,0,0.0,0,0,0,0,0,0,0,0,0.0,0,ATL,201712240nor,False,16 | 2017,LS
LovaRi00,0,0,0,0,0,0,0,0,0.0,0,0,0,0,0,0,0,0,0,0,0,0,0,0,0,0,0.0,1,1,0,0,0,0,0,0,0,0,0,0.0,0,0,0,0,0.0,0,0,0,0,0,0,0,0,0.0,0,PHI,201712250phi,True,16 | 2017,LS
LovaRi00,0,0,0,0,0,0,0,0,0.0,0,0,0,0,0,0,0,0,0,0,0,0,0,0,0,0,0.0,1,1,0,0,0,0,0,0,0,0,0,0.0,0,0,0,0,0.0,0,0,0,0,0,0,0,0,0.0,0,PHI,201712310phi,True,17 | 2017,LS
HennTh00,0,0,0,0,0,0,0,0,0.0,0,0,0,0,0,0,0,0,0,0,0,0,0,0,0,0,0.0,1,1,0,0,0,0,0,0,0,0,0,0.0,0,0,0,0,0.0,0,0,0,0,0,0,0,0,0.0,0,NYJ,201712310nwe,False,17 | 2017,LS
HolbCo00,0,0,0,0,0,0,0,0,0.0,0,0,0,0,0,0,0,0,0,0,0,0,0,0,0,0,0.0,1,0,1,0,0,0,0,0,0,0,0,0.0,0,0,0,0,0.0,0,0,0,0,0,0,0,0,0.0,0,JAX,201712310oti,False,17 | 2017,LS
BrinBe00,0,0,0,0,0,0,0,0,0.0,0,0,0,0,0,0,0,0,0,0,0,0,0,0,0,0,0.0,1,0,1,0,0,0,0,0,0,0,0,0.0,0,0,0,0,0.0,0,0,0,0,0,0,0,0,0.0,0,OTI,201801130nwe,False,19 | 2017,LS
LovaRi00,0,0,0,0,0,0,0,0,0.0,0,0,0,0,0,0,0,0,0,0,0,0,0,0,0,0,0.0,1,0,1,0,0,0,0,0,0,0,0,0.0,0,0,0,0,0.0,0,0,0,0,0,0,0,0,0.0,0,PHI,201809060phi,True,1 | 2018,LS
WincJa00,0,0,0,0,0,0,0,0,0.0,0,0,0,0,0,0,0,0,0,0,0,0,0,0,0,0,0.0,0,0,0,0,0,1,0,0,0,0,0,0.0,0,0,0,0,0.0,0,0,0,0,0,0,0,0,0.0,0,KAN,201809090sdg,False,1 | 2018,LS
LadoL.20,0,0,0,0,0,0,0,0,0.0,0,0,0,0,0,0,0,0,0,0,0,0,0,0,0,0,0.0,1,0,1,0,0,0,0,0,0,0,0,0.0,0,0,0,0,0.0,0,0,0,0,0,0,0,0,0.0,0,DAL,201809090car,False,1 | 2018,LS
BradHu00,0,0,0,0,0,0,0,0,0.0,0,0,0,0,0,0,0,0,0,0,0,0,0,0,0,0,0.0,1,1,0,0,0,0,0,0,0,0,0,0.0,0,0,0,0,0.0,0,0,0,0,0,0,0,0,0.0,0,GNB,201809090gnb,True,1 | 2018,LS
McQuJa00,0,0,0,0,0,0,0,0,0.0,0,0,0,0,0,0,0,0,0,0,0,0,0,0,0,0,0.0,1,0,1,0,0,0,0,0,0,0,0,0.0,0,0,0,0,0.0,0,0,0,0,0,0,0,0,0.0,0,RAM,201809100rai,False,1 | 2018,LS
BrinBe00,0,0,0,0,0,0,0,0,0.0,0,0,0,0,0,0,0,0,0,0,0,0,0,0,0,0,0.0,1,1,0,0,0,0,0,0,0,0,0,0.0,0,0,0,0,0.0,0,0,0,0,0,0,0,0,0.0,0,OTI,201809160oti,True,2 | 2018,LS
HennTh00,0,0,0,0,0,0,0,0,0.0,0,0,0,0,0,0,0,0,0,0,0,0,0,0,0,0,0.0,1,1,0,0,0,0,0,0,0,0,0,0.0,0,0,0,0,0.0,0,0,0,0,0,0,0,0,0.0,0,NYJ,201809160nyj,True,2 | 2018,LS
HennTh00,0,0,0,0,0,0,0,0,0.0,0,0,0,0,0,0,0,0,0,0,0,0,0,0,0,0,0.0,1,1,0,0,0,0,0,0,0,0,0,0.0,0,0,0,0,0.0,0,0,0,0,0,0,0,0,0.0,0,NYJ,201809200cle,False,3 | 2018,LS
BrinBe00,0,0,0,0,0,0,0,0,0.0,0,0,0,0,0,0,0,0,0,0,0,0,0,0,0,0,0.0,1,1,0,0,0,0,0,0,0,0,0,0.0,0,0,0,0,0.0,0,0,0,0,0,0,0,0,0.0,0,OTI,201809230jax,False,3 | 2018,LS
LadoL.20,0,0,0,0,0,0,0,0,0.0,0,0,0,0,0,0,0,0,0,0,0,0,0,0,0,0,0.0,1,1,0,0,0,0,0,0,0,0,0,0.0,0,0,0,0,0.0,0,0,0,0,0,0,0,0,0.0,0,DAL,201809230sea,False,3 | 2018,LS
CardJo00,0,0,0,0,0,0,0,0,0.0,0,0,0,0,0,0,0,0,0,0,0,0,0,0,0,0,0.0,1,1,0,0,0,0,0,0,0,0,0,0.0,0,0,0,0,0.0,0,0,0,0,0,0,0,0,0.0,0,NWE,201809230det,False,3 | 2018,LS
BrinBe00,0,0,0,0,0,0,0,0,0.0,0,0,0,0,0,0,0,0,0,0,0,0,0,0,0,0,0.0,1,0,1,0,0,0,0,0,0,0,0,0.0,0,0,0,0,0.0,0,0,0,0,0,0,0,0,0.0,0,OTI,201809300oti,True,4 | 2018,LS
HughCh01,0,0,0,0,0,0,0,0,0.0,0,0,0,0,0,0,0,0,0,0,0,0,0,0,0,0,0.0,2,2,0,0,0,0,0,0,1,0,0,0.0,0,0,0,0,0.0,0,0,0,0,0,0,0,0,0.0,0,CLE,201810070cle,True,5 | 2018,LS
LovaRi00,0,0,0,0,0,0,0,0,0.0,0,0,0,0,0,0,0,0,0,0,0,0,0,0,0,0,0.0,1,1,0,0,0,0,0,0,0,0,0,0.0,0,0,0,0,0.0,0,0,0,0,0,0,0,0,0.0,0,PHI,201810070phi,True,5 | 2018,LS
HughCh01,0,0,0,0,0,0,0,0,0.0,0,0,0,0,0,0,0,0,0,0,0,0,0,0,0,0,0.0,1,1,0,0,0,0,0,0,0,0,0,0.0,0,0,0,0,0.0,0,0,0,0,0,0,0,0,0.0,0,CLE,201810210tam,False,7 | 2018,LS
ScalPa00,0,0,0,0,0,0,0,0,0.0,0,0,0,0,0,0,0,0,0,0,0,0,0,0,0,0,0.0,1,1,0,0,0,0,0,0,0,0,0,0.0,0,0,0,0,0.0,0,0,0,0,0,0,0,0,0.0,0,CHI,201811040buf,False,9 | 2018,LS
HennTh00,0,0,0,0,0,0,0,0,0.0,0,0,0,0,0,0,0,0,0,0,0,0,0,0,0,0,0.0,1,0,1,0,0,0,0,0,0,0,0,0.0,0,0,0,0,0.0,0,0,0,0,0,0,0,0,0.0,0,NYJ,201811040mia,False,9 | 2018,LS
BrinBe00,0,0,0,0,0,0,0,0,0.0,0,0,0,0,0,0,0,0,0,0,0,0,0,0,0,0,0.0,1,1,0,0,0,0,0,0,0,0,0,0.0,0,0,0,0,0.0,0,0,0,0,0,0,0,0,0.0,0,OTI,201811110oti,True,10 | 2018,LS
FergRe00,0,0,0,0,0,0,0,0,0.0,0,0,0,0,0,0,0,0,0,0,0,0,0,0,0,0,0.0,1,1,0,0,0,0,0,0,0,0,0,0.0,0,0,0,0,0.0,0,0,0,0,0,0,0,0,0.0,0,BUF,201811110nyj,False,10 | 2018,LS
McQuJa00,0,0,0,0,0,0,0,0,0.0,0,0,0,0,0,0,0,0,0,0,0,0,0,0,0,0,0.0,1,1,0,0,0,0,0,0,0,0,0,0.0,0,0,0,0,0.0,0,0,0,0,0,0,0,0,0.0,0,RAM,201811190ram,True,11 | 2018,LS
HughCh01,0,0,0,0,0,0,0,0,0.0,0,0,0,0,0,0,0,0,0,0,0,0,0,0,0,0,0.0,1,0,1,0,0,0,0,0,0,0,0,0.0,0,0,0,0,0.0,0,0,0,0,0,0,0,0,0.0,0,CLE,201811250cin,False,12 | 2018,LS
FergRe00,0,0,0,0,0,0,0,0,0.0,0,0,0,0,0,0,0,0,0,0,0,0,0,0,0,0,0.0,1,0,1,0,0,0,0,0,0,0,0,0.0,0,0,0,0,0.0,0,0,0,0,0,0,0,0,0.0,0,BUF,201811250buf,True,12 | 2018,LS
CanaKa00,0,0,0,0,0,0,0,0,0.0,0,0,0,0,0,0,0,0,0,0,0,0,0,0,0,0,0.0,1,0,1,0,0,0,0,0,0,0,0,0.0,0,0,0,0,0.0,0,0,0,0,0,0,0,0,0.0,0,PIT,201811250den,False,12 | 2018,LS
LadoL.20,0,0,0,0,0,0,0,0,0.0,0,0,0,0,0,0,0,0,0,0,0,0,0,0,0,0,0.0,1,0,1,0,0,0,0,0,0,0,0,0.0,0,0,0,0,0.0,0,0,0,0,0,0,0,0,0.0,0,DAL,201811290dal,True,13 | 2018,LS
ScalPa00,0,0,0,0,0,0,0,0,0.0,0,0,0,0,0,0,0,0,0,0,0,0,0,0,0,0,0.0,1,1,0,0,0,0,0,0,0,0,0,0.0,0,0,0,0,0.0,0,0,0,0,0,0,0,0,0.0,0,CHI,201812020nyg,False,13 | 2018,LS
OverMa00,0,0,0,0,0,0,0,0,0.0,0,0,0,0,0,0,0,0,0,0,0,0,0,0,0,0,0.0,1,0,1,0,0,0,0,0,0,0,0,0.0,0,0,0,0,0.0,0,0,0,0,0,0,0,0,0.0,0,JAX,201812020jax,True,13 | 2018,LS
BrinBe00,0,0,0,0,0,0,0,0,0.0,0,0,0,0,0,0,0,0,0,0,0,0,0,0,0,0,0.0,1,1,0,0,0,0,0,0,0,0,0,0.0,0,0,0,0,0.0,0,0,0,0,0,0,0,0,0.0,0,OTI,201812160nyg,False,15 | 2018,LS
FergRe00,0,0,0,0,0,0,0,0,0.0,0,0,0,0,0,0,0,0,0,0,0,0,0,0,0,0,0.0,1,1,0,0,0,0,0,0,0,0,0,0.0,0,0,0,0,0.0,0,0,0,0,0,0,0,0,0.0,0,BUF,201812160buf,True,15 | 2018,LS
OttxTy00,0,0,0,0,0,0,0,0,0.0,0,0,0,0,0,0,0,0,0,0,0,0,0,0,0,0,0.0,1,0,1,0,0,0,0,0,0,0,0,0.0,0,0,0,0,0.0,0,0,0,0,0,0,0,0,0.0,0,SEA,201812160sfo,False,15 | 2018,LS
BrewAa00,0,0,0,0,0,0,0,0,0.0,0,0,0,0,0,0,0,0,0,0,0,0,0,0,0,0,0.0,1,1,0,0,0,0,0,0,0,0,0,0.0,0,0,0,0,0.0,0,0,0,0,0,0,0,0,0.0,0,CRD,201812230crd,True,16 | 2018,LS
WincJa00,0,0,0,0,0,0,0,0,0.0,0,0,0,0,0,0,0,0,0,0,0,0,0,0,0,0,0.0,1,1,0,0,0,0,0,0,1,0,0,0.0,0,0,0,0,0.0,0,0,0,0,0,0,0,0,0.0,0,KAN,201812230sea,False,16 | 2018,LS
LadoL.20,0,0,0,0,0,0,0,0,0.0,0,0,0,0,0,0,0,0,0,0,0,0,0,0,0,0,0.0,1,0,1,0,0,0,0,0,0,0,0,0.0,0,0,0,0,0.0,0,0,0,0,0,0,0,0,0.0,0,DAL,201901120ram,False,19 | 2018,LS
HennTh00,0,0,0,0,0,0,0,0,0.0,0,0,0,0,0,0,0,0,0,0,0,0,0,0,0,0,0.0,1,0,1,0,0,0,0,0,0,0,0,0.0,0,0,0,0,0.0,0,0,0,0,0,0,0,0,0.0,0,NYJ,202009130buf,False,1 | 2020,LS
CanaKa00,0,0,0,0,0,0,0,0,0.0,0,0,0,0,0,0,0,0,0,0,0,0,0,0,0,0,0.0,1,1,0,0,0,0,0,0,0,0,0,0.0,0,0,0,0,0.0,0,0,0,0,0,0,0,0,0.0,0,PIT,202009140nyg,False,1 | 2020,LS
CuttAu00,0,0,0,0,0,0,0,0,0.0,0,0,0,0,0,0,0,0,0,0,0,0,0,0,0,0,0.0,1,1,0,0,0,0,0,0,0,0,0,0.0,0,0,0,0,0.0,0,0,0,0,0,0,0,0,0.0,0,MIN,202009200clt,False,2 | 2020,LS
BrewAa00,0,0,0,0,0,0,0,0,0.0,0,0,0,0,0,0,0,0,0,0,0,0,0,0,0,0,0.0,0,0,0,0,0,1,0,0,0,0,0,0.0,0,0,0,0,0.0,0,0,0,0,0,0,0,0,0.0,0,CRD,202009200crd,True,2 | 2020,LS
LovaRi00,0,0,0,0,0,0,0,0,0.0,0,0,0,0,0,0,0,0,0,0,0,0,0,0,0,0,0.0,1,0,1,0,0,0,0,0,0,0,0,0.0,0,0,0,0,0.0,0,0,0,0,0,0,0,0,0.0,0,PHI,202009270phi,True,3 | 2020,LS
BobeJa00,0,0,0,0,0,0,0,0,0.0,0,0,0,0,0,0,0,0,0,0,0,0,0,0,0,0,0.0,1,1,0,0,0,0,0,0,0,0,0,0.0,0,0,0,0,0.0,0,0,0,0,0,0,0,0,0.0,0,DEN,202009270den,True,3 | 2020,LS
HennTh00,0,0,0,0,0,0,0,0,0.0,0,0,0,0,0,0,0,0,0,0,0,0,0,0,0,0,0.0,1,1,0,0,0,0,0,0,0,0,0,0.0,0,0,0,0,0.0,0,0,0,0,0,0,0,0,0.0,0,NYJ,202010010nyj,True,4 | 2020,LS
TrinZa00,0,0,0,0,0,0,0,0,0.0,0,0,0,0,0,0,0,0,0,0,0,0,0,0,0,0,0.0,1,1,0,0,0,0,0,0,0,0,0,0.0,0,0,0,0,0.0,0,0,0,0,0,0,0,0,0.0,0,TAM,202010080chi,False,5 | 2020,LS
LovaRi00,0,0,0,0,0,0,0,0,0.0,0,0,0,0,0,0,0,0,0,0,0,0,0,0,0,0,0.0,2,0,2,0,0,0,0,0,0,0,0,0.0,0,0,0,0,0.0,0,0,0,0,0,0,0,0,0.0,0,PHI,202010110pit,False,5 | 2020,LS
HughCh01,0,0,0,0,0,0,0,0,0.0,0,0,0,0,0,0,0,0,0,0,0,0,0,0,0,0,0.0,1,1,0,0,0,0,0,0,0,0,0,0.0,0,0,0,0,0.0,0,0,0,0,0,0,0,0,0.0,0,CLE,202010180pit,False,6 | 2020,LS
LovaRi00,0,0,0,0,0,0,0,0,0.0,0,0,0,0,0,0,0,0,0,0,0,0,0,0,0,0,0.0,2,0,2,0,0,0,0,0,0,0,0,0.0,0,0,0,0,0.0,0,0,0,0,0,0,0,0,0.0,0,PHI,202010180phi,True,6 | 2020,LS
HennTh00,0,0,0,0,0,0,0,0,0.0,0,0,0,0,0,0,0,0,0,0,0,0,0,0,0,0,0.0,1,1,0,0,0,0,0,0,0,0,0,0.0,0,0,0,0,0.0,0,0,0,0,0,0,0,0,0.0,0,NYJ,202010180mia,False,6 | 2020,LS
BradHu00,0,0,0,0,0,0,0,0,0.0,0,0,0,0,0,0,0,0,0,0,0,0,0,0,0,0,0.0,1,0,1,0,0,0,0,0,0,0,0,0.0,0,0,0,0,0.0,0,0,0,0,0,0,0,0,0.0,0,GNB,202010250htx,False,7 | 2020,LS
MatiRo00,0,0,0,0,0,0,0,0,0.0,0,0,0,0,0,0,0,0,0,0,0,0,0,0,0,0,0.0,1,1,0,0,0,0,0,0,0,0,0,0.0,0,0,0,0,0.0,0,0,0,0,0,0,0,0,0.0,0,JAX,202010250sdg,False,7 | 2020,LS
BobeJa00,0,0,0,0,0,0,0,0,0.0,0,0,0,0,0,0,0,0,0,0,0,0,0,0,0,0,0.0,1,1,0,0,0,0,0,0,0,0,0,0.0,0,0,0,0,0.0,0,0,0,0,0,0,0,0,0.0,0,DEN,202010250den,True,7 | 2020,LS
ScalPa00,0,0,0,0,0,0,0,0,0.0,0,0,0,0,0,0,0,0,0,0,0,0,0,0,0,0,0.0,1,1,0,0,0,0,0,0,0,0,0,0.0,0,0,0,0,0.0,0,0,0,0,0,0,0,0,0.0,0,CHI,202011080oti,False,9 | 2020,LS
TrinZa00,0,0,0,0,0,0,0,0,0.0,0,0,0,0,0,0,0,0,0,0,0,0,0,0,0,0,0.0,1,1,0,0,0,0,0,0,0,0,0,0.0,0,0,0,0,0.0,0,0,0,0,0,0,0,0,0.0,0,TAM,202011080tam,True,9 | 2020,LS
MazzCo01,0,0,0,0,0,0,0,0,0.0,0,0,0,0,0,0,0,0,0,0,0,0,0,0,0,0,0.0,1,1,0,0,0,0,0,0,0,0,0,0.0,0,0,0,0,0.0,0,0,0,0,0,0,0,0,0.0,0,SDG,202011150mia,False,10 | 2020,LS
FergRe00,0,0,0,0,0,0,0,0,0.0,0,0,0,0,0,0,0,0,0,0,0,0,0,0,0,0,0.0,1,1,0,0,0,0,0,0,0,0,0,0.0,0,0,0,0,0.0,0,0,0,0,0,0,0,0,0.0,0,BUF,202011150crd,False,10 | 2020,LS
HarrJo02,0,0,0,0,0,0,0,0,0.0,0,0,0,0,0,0,0,0,0,0,0,0,0,0,0,0,0.0,1,0,1,0,0,0,0,0,0,0,0,0.0,0,0,0,0,0.0,0,0,0,0,0,0,0,0,0.0,0,ATL,202011220nor,False,11 | 2020,LS
WincJa00,0,0,0,0,0,0,0,0,0.0,0,0,0,0,0,0,0,0,0,0,0,0,0,0,0,0,0.0,1,1,0,0,0,0,0,0,0,0,0,0.0,0,0,0,0,0.0,0,0,0,0,0,0,0,0,0.0,0,KAN,202011220rai,False,11 | 2020,LS
KreiCa00,0,0,0,0,0,0,0,0,0.0,0,0,0,0,0,0,0,0,0,0,0,0,0,0,0,0,0.0,1,1,0,0,0,0,0,0,0,0,0,0.0,0,0,0,0,0.0,0,0,0,0,0,0,0,0,0.0,0,NYG,202011290cin,False,12 | 2020,LS
MazzCo01,0,0,0,0,0,0,0,0,0.0,0,0,0,0,0,0,0,0,0,0,0,0,0,0,0,0,0.0,1,0,1,0,0,0,0,0,0,0,0,0.0,0,0,0,0,0.0,0,0,0,0,0,0,0,0,0.0,0,SDG,202011290buf,False,12 | 2020,LS
PeppTa00,0,0,0,0,0,0,0,0,0.0,0,0,0,0,0,0,0,0,0,0,0,0,0,0,0,0,0.0,1,0,1,0,0,0,0,0,0,0,0,0.0,0,0,0,0,0.0,0,0,0,0,0,0,0,0,0.0,0,SFO,202011290ram,False,12 | 2020,LS
MatiRo00,0,0,0,0,0,0,0,0,0.0,0,0,0,0,0,0,0,0,0,0,0,0,0,0,0,0,0.0,1,0,1,0,0,0,0,0,0,0,0,0.0,0,0,0,0,0.0,0,0,0,0,0,0,0,0,0.0,0,JAX,202012060min,False,13 | 2020,LS
FergBl00,0,0,0,0,0,0,0,0,0.0,0,0,0,0,0,0,0,0,0,0,0,0,0,0,0,0,0.0,1,0,1,0,0,0,0,0,0,0,0,0.0,0,0,0,0,0.0,0,0,0,0,0,0,0,0,0.0,0,MIA,202012060mia,True,13 | 2020,LS
FergRe00,0,0,0,0,0,0,0,0,0.0,0,0,0,0,0,0,0,0,0,0,0,0,0,0,0,0,0.0,1,1,0,0,0,0,0,0,0,0,0,0.0,0,0,0,0,0.0,0,0,0,0,0,0,0,0,0.0,0,BUF,202012070sfo,False,13 | 2020,LS
HennTh00,0,0,0,0,0,0,0,0,0.0,0,0,0,0,0,0,0,0,0,0,0,0,0,0,0,0,0.0,1,0,1,0,0,0,0,0,0,0,0,0.0,0,0,0,0,0.0,0,0,0,0,0,0,0,0,0.0,0,NYJ,202012130sea,False,14 | 2020,LS
MazzCo01,0,0,0,0,0,0,0,0,0.0,0,0,0,0,0,0,0,0,0,0,0,0,0,0,0,0,0.0,1,0,1,0,0,0,0,0,0,0,0,0.0,0,0,0,0,0.0,0,0,0,0,0,0,0,0,0.0,0,SDG,202012130sdg,True,14 | 2020,LS
MazzCo01,0,0,0,0,0,0,0,0,0.0,0,0,0,0,0,0,0,0,0,0,0,0,0,0,0,0,0.0,1,0,1,0,0,0,0,0,0,0,0,0.0,0,0,0,0,0.0,0,0,0,0,0,0,0,0,0.0,0,SDG,202012170rai,False,15 | 2020,LS
BobeJa00,0,0,0,0,0,0,0,0,0.0,0,0,0,0,0,0,0,0,0,0,0,0,0,0,0,0,0.0,1,0,1,0,0,1,0,0,0,0,0,0.0,0,0,0,0,0.0,0,0,0,0,0,0,0,0,0.0,0,DEN,202012190den,True,15 | 2020,LS
PeppTa00,0,0,0,0,0,0,0,0,0.0,0,0,0,0,0,0,0,0,0,0,0,0,0,0,0,0,0.0,1,1,0,0,0,0,0,0,0,0,0,0.0,0,0,0,0,0.0,0,0,0,0,0,0,0,0,0.0,0,SFO,202012200dal,False,15 | 2020,LS
HennTh00,0,0,0,0,0,0,0,0,0.0,0,0,0,0,0,0,0,0,0,0,0,0,0,0,0,0,0.0,1,1,0,0,0,0,0,0,0,0,0,0.0,0,0,0,0,0.0,0,0,0,0,0,0,0,0,0.0,0,NYJ,202012200ram,False,15 | 2020,LS
WincJa00,0,0,0,0,0,0,0,0,0.0,0,0,0,0,0,0,0,0,0,0,0,0,0,0,0,0,0.0,2,1,1,0,0,0,0,0,0,0,0,0.0,0,0,0,0,0.0,0,0,0,0,0,0,0,0,0.0,0,KAN,202012200nor,False,15 | 2020,LS
FergBl00,0,0,0,0,0,0,0,0,0.0,0,0,0,0,0,0,0,0,0,0,0,0,0,0,0,0,0.0,1,1,0,0,0,0,0,0,0,0,0,0.0,0,0,0,0,0.0,0,0,0,0,0,0,0,0,0.0,0,MIA,202012260rai,False,16 | 2020,LS
CanaKa00,0,0,0,0,0,0,0,0,0.0,0,0,0,0,0,0,0,0,0,0,0,0,0,0,0,0,0.0,1,0,1,0,0,0,0,0,0,0,0,0.0,0,0,0,0,0.0,0,0,0,0,0,0,0,0,0.0,0,PIT,202012270pit,True,16 | 2020,LS
DePaAn00,0,0,0,0,0,0,0,0,0.0,0,0,0,0,0,0,0,0,0,0,0,0,0,0,0,0,0.0,1,1,0,0,0,1,0,0,0,0,0,0.0,0,0,0,0,0.0,0,0,0,0,0,0,0,0,0.0,0,MIN,202101030det,False,17 | 2020,LS
LovaRi00,0,0,0,0,0,0,0,0,0.0,0,0,0,0,0,0,0,0,0,0,0,0,0,0,0,0,0.0,1,1,0,0,0,0,0,0,0,0,0,0.0,0,0,0,0,0.0,0,0,0,0,0,0,0,0,0.0,0,PHI,202101030phi,True,17 | 2020,LS
ScalPa00,0,0,0,0,0,0,0,0,0.0,0,0,0,0,0,0,0,0,0,0,0,0,0,0,0,0,0.0,1,1,0,0,0,0,0,0,0,0,0,0.0,0,0,0,0,0.0,0,0,0,0,0,0,0,0,0.0,0,CHI,202101100nor,False,18 | 2020,LS
HughCh01,0,0,0,0,0,0,0,0,0.0,0,0,0,0,0,0,0,0,0,0,0,0,0,0,0,0,0.0,1,0,1,0,0,0,0,0,0,0,0,0.0,0,0,0,0,0.0,0,0,0,0,0,0,0,0,0.0,0,CLE,202101100pit,False,18 | 2020,LS
HarrJo02,0,0,0,0,0,0,0,0,0.0,0,0,0,0,0,0,0,0,0,0,0,0,0,0,0,0,0.0,3,0,3,0,0,0,0,0,0,0,0,0.0,0,0,0,0,0.0,0,0,0,0,0,0,0,0,0.0,0,ATL,202109120atl,True,1 | 2021,LS
DePaAn00,0,0,0,0,0,0,0,0,0.0,0,0,0,0,0,0,0,0,0,0,0,0,0,0,0,0,0.0,1,1,0,0,0,0,0,0,0,0,0,0.0,0,0,0,0,0.0,0,0,0,0,0,0,0,0,0.0,0,MIN,202109120cin,False,1 | 2021,LS
HennTh00,0,0,0,0,0,0,0,0,0.0,0,0,0,0,0,0,0,0,0,0,0,0,0,0,0,0,0.0,1,0,1,0,0,0,0,0,0,0,0,0.0,0,0,0,0,0.0,0,0,0,0,0,0,0,0,0.0,0,NYJ,202109120car,False,1 | 2021,LS
SiegTr00,0,0,0,0,0,0,0,0,0.0,0,0,0,0,0,0,0,0,0,0,0,0,0,0,0,0,0.0,1,1,0,0,0,0,0,0,0,0,0,0.0,0,0,0,0,0.0,0,0,0,0,0,0,0,0,0.0,0,RAI,202109130rai,True,1 | 2021,LS
FergBl00,0,0,0,0,0,0,0,0,0.0,0,0,0,0,0,0,0,0,0,0,0,0,0,0,0,0,0.0,1,1,0,0,0,0,0,0,0,0,0,0.0,0,0,0,0,0.0,0,0,0,0,0,0,0,0,0.0,0,MIA,202109190mia,True,2 | 2021,LS
MatiRo00,0,0,0,0,0,0,0,0,0.0,0,0,0,0,0,0,0,0,0,0,0,0,0,0,0,0,0.0,1,1,0,0,0,0,0,0,0,0,0,0.0,0,0,0,0,0.0,0,0,0,0,0,0,0,0,0.0,0,JAX,202109190jax,True,2 | 2021,LS
OverMa00,0,0,0,0,0,0,0,0,0.0,0,0,0,0,0,0,0,0,0,0,0,0,0,0,0,0,0.0,1,1,0,0,0,0,0,0,0,0,0,0.0,0,0,0,0,0.0,0,0,0,0,0,0,0,0,0.0,0,SDG,202109260kan,False,3 | 2021,LS
McQuJa00,0,0,0,0,0,0,0,0,0.0,0,0,0,0,0,0,0,0,0,0,0,0,0,0,0,0,0.0,1,0,1,0,0,0,0,0,0,0,0,0.0,0,0,0,0,0.0,0,0,0,0,0,0,0,0,0.0,0,DAL,202109270dal,True,3 | 2021,LS
FergBl00,0,0,0,0,0,0,0,0,0.0,0,0,0,0,0,0,0,0,0,0,0,0,0,0,0,0,0.0,1,0,1,0,0,1,-2,-2,0,0,0,0.0,0,0,0,0,0.0,0,0,0,0,0,0,0,0,0.0,0,MIA,202110030mia,True,4 | 2021,LS
BobeJa00,0,0,0,0,0,0,0,0,0.0,0,0,0,0,0,0,0,0,0,0,0,0,0,0,0,0,0.0,1,0,1,0,0,0,0,0,0,0,0,0.0,0,0,0,0,0.0,0,0,0,0,0,0,0,0,0.0,0,DEN,202110030den,True,4 | 2021,LS
DePaAn00,0,0,0,0,0,0,0,0,0.0,0,0,0,0,0,0,0,0,0,0,0,0,0,0,0,0,0.0,1,0,1,0,0,0,0,0,0,0,0,0.0,0,0,0,0,0.0,0,0,0,0,0,0,0,0,0.0,0,MIN,202110100min,True,5 | 2021,LS
MoorNi00,0,0,0,0,0,0,0,0,0.0,0,0,0,0,0,0,0,0,0,0,0,0,0,0,0,0,0.0,1,1,0,0,0,0,0,0,0,0,0,0.0,0,0,0,0,0.0,0,0,0,0,0,0,0,0,0.0,0,RAV,202110110rav,True,5 | 2021,LS
HarrJo02,0,0,0,0,0,0,0,0,0.0,0,0,0,0,0,0,0,0,0,0,0,0,0,0,0,0,0.0,1,1,0,0,0,0,0,0,0,0,0,0.0,0,0,0,0,0.0,0,0,0,0,0,0,0,0,0.0,0,ATL,202110240mia,False,7 | 2021,LS
ScalPa00,0,0,0,0,0,0,0,0,0.0,0,0,0,0,0,0,0,0,0,0,0,0,0,0,0,0,0.0,1,1,0,0,0,0,0,0,0,0,0,0.0,0,0,0,0,0.0,0,0,0,0,0,0,0,0,0.0,0,CHI,202110310chi,True,8 | 2021,LS
OverMa00,0,0,0,0,0,0,0,0,0.0,0,0,0,0,0,0,0,0,0,0,0,0,0,0,0,0,0.0,1,1,0,0,0,0,0,0,0,0,0,0.0,0,0,0,0,0.0,0,0,0,0,0,0,0,0,0.0,0,SDG,202110310sdg,True,8 | 2021,LS
BobeJa00,0,0,0,0,0,0,0,0,0.0,0,0,0,0,0,0,0,0,0,0,0,0,0,0,0,0,0.0,1,1,0,0,0,0,0,0,0,0,0,0.0,0,0,0,0,0.0,0,0,0,0,0,0,0,0,0.0,0,DEN,202110310den,True,8 | 2021,LS
DePaAn00,0,0,0,0,0,0,0,0,0.0,0,0,0,0,0,0,0,0,0,0,0,0,0,0,0,0,0.0,1,1,0,0,0,0,0,0,0,0,0,0.0,0,0,0,0,0.0,0,0,0,0,0,0,0,0,0.0,0,MIN,202110310min,True,8 | 2021,LS
MatiRo00,0,0,0,0,0,0,0,0,0.0,0,0,0,0,0,0,0,0,0,0,0,0,0,0,0,0,0.0,1,1,0,0,0,0,0,0,0,0,0,0.0,0,0,0,0,0.0,0,0,0,0,0,0,0,0,0.0,0,JAX,202111070jax,True,9 | 2021,LS
BobeJa00,0,0,0,0,0,0,0,0,0.0,0,0,0,0,0,0,0,0,0,0,0,0,0,0,0,0,0.0,1,1,0,0,0,0,0,0,0,0,0,0.0,0,0,0,0,0.0,0,0,0,0,0,0,0,0,0.0,0,DEN,202111070dal,False,9 | 2021,LS
HarrJo02,0,0,0,0,0,0,0,0,0.0,0,0,0,0,0,0,0,0,0,0,0,0,0,0,0,0,0.0,1,1,0,0,0,0,0,0,0,0,0,0.0,0,0,0,0,0.0,0,0,0,0,0,0,0,0,0.0,0,ATL,202111140dal,False,10 | 2021,LS
DePaAn00,0,0,0,0,0,0,0,0,0.0,0,0,0,0,0,0,0,0,0,0,0,0,0,0,0,0,0.0,1,0,1,0,0,0,0,0,0,0,0,0.0,0,0,0,0,0.0,0,0,0,0,0,0,0,0,0.0,0,MIN,202111140sdg,False,10 | 2021,LS
LovaRi00,0,0,0,0,0,0,0,0,0.0,0,0,0,0,0,0,0,0,0,0,0,0,0,0,0,0,0.0,1,1,0,0,0,0,0,0,0,0,0,0.0,0,0,0,0,0.0,0,0,0,0,0,0,0,0,0.0,0,PHI,202111140den,False,10 | 2021,LS
HarrJo02,0,0,0,0,0,0,0,0,0.0,0,0,0,0,0,0,0,0,0,0,0,0,0,0,0,0,0.0,1,1,0,0,0,0,0,0,0,0,0,0.0,0,0,0,0,0.0,0,0,0,0,0,0,0,0,0.0,0,ATL,202111180atl,True,11 | 2021,LS
FergRe00,0,0,0,0,0,0,0,0,0.0,0,0,0,0,0,0,0,0,0,0,0,0,0,0,0,0,0.0,1,1,0,0,0,0,0,0,0,0,0,0.0,0,0,0,0,0.0,0,0,0,0,0,0,0,0,0.0,0,BUF,202111210buf,True,11 | 2021,LS
LovaRi00,0,0,0,0,0,0,0,0,0.0,0,0,0,0,0,0,0,0,0,0,0,0,0,0,0,0,0.0,1,1,0,0,0,0,0,0,0,0,0,0.0,0,0,0,0,0.0,0,0,0,0,0,0,0,0,0.0,0,PHI,202111210phi,True,11 | 2021,LS
DalySc01,0,0,0,0,0,0,0,0,0.0,0,0,0,0,0,0,0,0,0,0,0,0,0,0,0,0,0.0,1,0,1,0,0,0,0,0,0,0,0,0.0,0,0,0,0,0.0,0,0,0,0,0,0,0,0,0.0,0,DET,202111250det,True,12 | 2021,LS
ScalPa00,0,0,0,0,0,0,0,0,0.0,0,0,0,0,0,0,0,0,0,0,0,0,0,0,0,0,0.0,1,0,1,0,0,0,0,0,0,0,0,0.0,0,0,0,0,0.0,0,0,0,0,0,0,0,0,0.0,0,CHI,202111250det,False,12 | 2021,LS
HarrJo02,0,0,0,0,0,0,0,0,0.0,0,0,0,0,0,0,0,0,0,0,0,0,0,0,0,0,0.0,1,0,1,0,0,0,0,0,0,0,0,0.0,0,0,0,0,0.0,0,0,0,0,0,0,0,0,0.0,0,ATL,202111280jax,False,12 | 2021,LS
TinkCa00,0,0,0,0,0,0,0,0,0.0,0,0,0,0,0,0,0,0,0,0,0,0,0,0,0,0,0.0,1,0,1,0,0,0,0,0,0,0,0,0.0,0,0,0,0,0.0,0,0,0,0,0,0,0,0,0.0,0,RAI,202112050rai,True,13 | 2021,LS
MoorNi00,0,0,0,0,0,0,0,0,0.0,0,0,0,0,0,0,0,0,0,0,0,0,0,0,0,0,0.0,1,1,0,0,0,0,0,0,0,0,0,0.0,0,0,0,0,0.0,0,0,0,0,0,0,0,0,0.0,0,RAV,202112050pit,False,13 | 2021,LS
TrinZa00,0,0,0,0,0,0,0,0,0.0,0,0,0,0,0,0,0,0,0,0,0,0,0,0,0,0,0.0,3,3,0,0,0,0,0,0,0,0,0,0.0,0,0,0,0,0.0,0,0,0,0,0,0,0,0,0.0,0,TAM,202112190tam,True,15 | 2021,LS
WirtSt01,0,0,0,0,0,0,0,0,0.0,0,0,0,0,0,0,0,0,0,0,0,0,0,0,0,0,0.0,1,1,0,0,0,0,0,0,0,0,0,0.0,0,0,0,0,0.0,0,0,0,0,0,0,0,0,0.0,0,GNB,202112250gnb,True,16 | 2021,LS
MoorNi00,0,0,0,0,0,0,0,0,0.0,0,0,0,0,0,0,0,0,0,0,0,0,0,0,0,0,0.0,1,1,0,0,0,0,0,0,0,0,0,0.0,0,0,0,0,0.0,0,0,0,0,0,0,0,0,0.0,0,RAV,202112260cin,False,16 | 2021,LS
ScalPa00,0,0,0,0,0,0,0,0,0.0,0,0,0,0,0,0,0,0,0,0,0,0,0,0,0,0,0.0,1,1,0,0,0,0,0,0,0,0,0,0.0,0,0,0,0,0.0,0,0,0,0,0,0,0,0,0.0,0,CHI,202112260sea,False,16 | 2021,LS
ScalPa00,0,0,0,0,0,0,0,0,0.0,0,0,0,0,0,0,0,0,0,0,0,0,0,0,0,0,0.0,1,0,1,0,0,0,0,0,0,0,0,0.0,0,0,0,0,0.0,0,0,0,0,0,0,0,0,0.0,0,CHI,202201020chi,True,17 | 2021,LS
HennTh00,0,0,0,0,0,0,0,0,0.0,0,0,0,0,0,0,0,0,0,0,0,0,0,0,0,0,0.0,1,0,1,0,0,0,0,0,0,0,0,0.0,0,0,0,0,0.0,0,0,0,0,0,0,0,0,0.0,0,NYJ,202201020nyj,True,17 | 2021,LS
BrewAa00,0,0,0,0,0,0,0,0,0.0,0,0,0,0,0,0,0,0,0,0,0,0,0,0,0,0,0.0,1,1,0,0,0,0,0,0,0,0,0,0.0,0,0,0,0,0.0,0,0,0,0,0,0,0,0,0.0,0,CRD,202201020dal,False,17 | 2021,LS
MoorNi00,0,0,0,0,0,0,0,0,0.0,0,0,0,0,0,0,0,0,0,0,0,0,0,0,0,0,0.0,1,1,0,0,0,0,0,0,0,0,0,0.0,0,0,0,0,0.0,0,0,0,0,0,0,0,0,0.0,0,RAV,202201020rav,True,17 | 2021,LS
BobeJa00,0,0,0,0,0,0,0,0,0.0,0,0,0,0,0,0,0,0,0,0,0,0,0,0,0,0,0.0,1,0,1,0,0,0,0,0,0,0,0,0.0,0,0,0,0,0.0,0,0,0,0,0,0,0,0,0.0,0,DEN,202201080den,True,18 | 2021,LS
FergBl00,0,0,0,0,0,0,0,0,0.0,0,0,0,0,0,0,0,0,0,0,0,0,0,0,0,0,0.0,1,1,0,0,0,0,0,0,0,0,0,0.0,0,0,0,0,0.0,0,0,0,0,0,0,0,0,0.0,0,MIA,202201090mia,True,18 | 2021,LS
BrewAa00,0,0,0,0,0,0,0,0,0.0,0,0,0,0,0,0,0,0,0,0,0,0,0,0,0,0,0.0,1,1,0,0,0,0,0,0,0,0,0,0.0,0,0,0,0,0.0,0,0,0,0,0,0,0,0,0.0,0,CRD,202201090crd,True,18 | 2021,LS
BrewAa00,0,0,0,0,0,0,0,0,0.0,0,0,0,0,0,0,0,0,0,0,0,0,0,0,0,0,0.0,1,0,1,0,0,0,0,0,0,0,0,0.0,0,0,0,0,0.0,0,0,0,0,0,0,0,0,0.0,0,CRD,202201170ram,False,19 | 2021,LS
